"","Rep","Treat","Clone","E.Clone","Row","Col","ID","sap_init_height","sap_init_diam","sap_final_height","sap_final_diam","tree_final_height","tree_final_DBH","height_growth","diam_growth"
"2","1","1","216","","17","B","44",45,0.54,81,0.9,1225,9.55,1224.1,8.65
"3","1","1","8L","","16","B","43",17,0.21,14,0.25,334,2,333.75,1.75
"4","1","1","216","E216","15","B","42",30,0.49,45,0.78,1079,9,1078.22,8.22
"5","1","1","216","","15","C","54",28,0.29,52,0.75,370,3.11,369.25,2.36
"6","1","1","271","","16","C","55",46,0.41,68,0.67,859,6.35,858.33,5.68
"7","1","1","271","","17","C","56",43,0.44,54,0.74,818,4.6,817.26,3.86
"10","1","1","271","E271","20","C","59",19,0.22,20,0.37,268,1.42,267.63,1.05
"12","1","1","271","E271","22","D","73",24,0.4,74,0.85,1104,9.4,1103.15,8.55
"13","1","1","271","","21","D","72",31,0.3,76,0.65,1106,7.9,1105.35,7.25
"16","1","1","216","","18","D","69",45,0.45,69,0.75,1099,6.81,1098.25,6.06
"17","1","1","271","","17","D","68",45,0.45,74,0.77,1057,6.89,1056.23,6.12
"18","1","1","271","","16","D","67",33,0.38,56,0.62,1094,7.52,1093.38,6.9
"19","1","1","216","","15","D","66",30,0.32,31,0.66,1100,7.73,1099.34,7.07
"20","1","1","8L","","15","E","79",23,0.22,32,0.44,1032,8.68,1031.56,8.24
"21","1","1","271","","16","E","80",33,0.31,60,0.6,1029,7.28,1028.4,6.68
"22","1","1","216","","17","E","81",30,0.44,40,0.62,782,4.63,781.38,4.01
"23","1","1","216","","18","E","82",48,0.5,82,0.87,519,4.48,518.13,3.61
"26","1","1","42E","","21","E","85",18,0.18,17,0.27,1065,7.69,1064.73,7.42
"27","1","1","216","E216","22","E","86",19,0.2,53,0.61,949,6.67,948.39,6.06
"30","1","1","216","E216","22","F","100",20,0.28,56,0.72,796,5.74,795.28,5.02
"34","1","1","271","E271","18","F","96",26,0.43,40,0.89,1056,7.73,1055.11,6.84
"35","1","1","216","","17","F","95",27,0.33,50,0.58,422,2.99,421.42,2.41
"36","1","1","271","","16","F","94",24,0.25,52,0.52,831,5.5,830.48,4.98
"37","1","1","8L","","15","F","93",36,0.44,41,0.59,1190,9.45,1189.41,8.86
"38","1","1","259","","15","G","107",19,0.3,31,0.61,378,2.7,377.39,2.09
"39","1","1","42E","","16","G","108",26,0.23,33,0.4,1265,11.59,1264.6,11.19
"40","1","1","216","","17","G","109",31,0.34,73,0.8,1075,8.23,1074.2,7.43
"41","1","1","271","E271","18","G","110",25,0.28,34,0.53,794,3.76,793.47,3.23
"42","1","1","216","","19","G","111",47,0.47,88,0.8,1009,6.41,1008.2,5.61
"43","1","1","216","E216","20","G","112",28,0.38,53,0.8,1040,5.86,1039.2,5.06
"46","1","1","271","E271","23","G","115",35,0.49,99,0.95,1066,8.3,1065.05,7.35
"48","1","1","271","E271","23","H","129",34,0.36,77,0.88,1102,8.25,1101.12,7.37
"50","1","1","8L","","21","H","127",24,0.25,26,0.32,733,4.5,732.68,4.18
"52","1","1","216","","19","H","125",35,0.42,38,0.64,701,3.5,700.36,2.86
"53","1","1","271","","18","H","124",27,0.25,48,0.47,1058,6.15,1057.53,5.68
"54","1","1","216","","17","H","123",22,0.35,20,0.55,501,3.25,500.45,2.7
"55","1","1","42E","","16","H","122",26,0.27,25,0.31,725,4.36,724.69,4.05
"56","1","1","259","","15","H","121",25,0.39,38,0.75,472,3.72,471.25,2.97
"57","1","1","271","E271","15","I","136",28,0.36,51,0.71,1059,8.48,1058.29,7.77
"58","1","1","42E","","16","I","137",20,0.22,21,0.29,999,5.52,998.71,5.23
"59","1","1","216","E216","17","I","138",37,0.35,61,0.75,1070,6.55,1069.25,5.8
"60","1","1","271","","18","I","139",36,0.35,57,0.65,929,6.09,928.35,5.44
"61","1","1","271","","19","I","140",22,0.27,42,0.5,916,5.44,915.5,4.94
"62","1","1","8L","","20","I","141",27,0.35,33,0.43,532,2.92,531.57,2.49
"64","1","1","216","E216","22","I","143",28,0.37,45,0.62,996,6.52,995.38,5.9
"65","1","1","216","E216","23","I","144",27,0.35,46,0.73,1000,7.1,999.27,6.37
"66","1","1","216","","24","I","145",32,0.36,33,0.55,934,5.81,933.45,5.26
"69","1","1","216","E216","22","J","158",31,0.34,31,0.5,766,4.2,765.5,3.7
"71","1","1","8L","","20","J","156",22,0.27,22,0.27,492,2.65,491.73,2.38
"72","1","1","271","","19","J","155",27,0.28,64,0.65,1054,7.1,1053.35,6.45
"73","1","1","8L","","18","J","154",31,0.33,38,0.58,1050,7.8,1049.42,7.22
"74","1","1","216","E216","17","J","153",30,0.52,46,0.89,885,5.25,884.11,4.36
"75","1","1","42E","","16","J","152",31,0.34,30,0.38,829,4.1,828.62,3.72
"76","1","1","271","E271","15","J","151",25,0.42,52,0.73,1054,8.88,1053.27,8.15
"77","1","1","271","E271","15","K","166",30,0.37,31,0.53,788,4.3,787.47,3.77
"78","1","1","259","","16","K","167",23,0.34,34,0.67,507,3.12,506.33,2.45
"79","1","1","271","E271","17","K","168",26,0.29,41,0.65,500,5.6,499.35,4.95
"80","1","1","8L","","18","K","169",28,0.3,38,0.67,1064,9.05,1063.33,8.38
"83","1","1","271","","21","K","172",23,0.24,26,0.38,356,1.8,355.62,1.42
"84","1","1","271","","22","K","173",48,0.4,85,0.96,786,6.7,785.04,5.74
"85","1","1","259","","23","K","174",26,0.3,47,0.66,397,2.32,396.34,1.66
"89","1","1","271","","22","L","188",57,0.44,70,0.84,1126,8.8,1125.16,7.96
"90","1","1","271","","21","L","187",34,0.35,59,0.55,1101,7.5,1100.45,6.95
"91","1","1","259","","20","L","186",23,0.26,42,0.69,424,3,423.31,2.31
"93","1","1","42E","","18","L","184",34,0.38,47,0.62,1202,9.95,1201.38,9.33
"94","1","1","271","E271","17","L","183",27,0.34,56,0.73,1122,7.55,1121.27,6.82
"96","1","1","271","E271","15","L","181",25,0.39,46,0.7,1006,6.75,1005.3,6.05
"97","1","1","8L","","15","M","196",42,0.45,46,0.63,1204,11.65,1203.37,11.02
"98","1","1","42E","","16","M","197",49,0.49,51,0.65,1104,10.2,1103.35,9.55
"99","1","1","216","","17","M","198",43,0.47,74,0.93,531,3.82,530.07,2.89
"100","1","1","42E","","18","M","199",56,0.54,58,0.66,1305,11.8,1304.34,11.14
"101","1","1","216","","19","M","200",40,0.44,78,0.77,706,4.75,705.23,3.98
"104","1","1","271","","22","M","203",17,0.21,30,0.42,653,3.54,652.58,3.12
"105","1","1","216","E216","23","M","204",26,0.33,65,0.81,924,7.2,923.19,6.39
"106","1","1","216","E216","23","N","218",25,0.37,59,0.73,1108,7.25,1107.27,6.52
"107","1","1","271","","22","N","217",39,0.35,63,0.7,1018,6.6,1017.3,5.9
"108","1","1","271","E271","21","N","216",29,0.45,45,0.94,1034,7.35,1033.06,6.41
"109","1","1","216","E216","20","N","215",25,0.34,40,0.73,644,4.4,643.27,3.67
"110","1","1","216","","19","N","214",42,0.42,41,0.65,526,2.8,525.35,2.15
"112","1","1","216","","17","N","212",40,0.37,43,0.59,810,4.6,809.41,4.01
"113","1","1","42E","","16","N","211",60,0.54,64,0.74,1214,10.2,1213.26,9.46
"114","1","1","8L","","15","N","210",52,0.53,70,0.82,1171,10.4,1170.18,9.58
"118","1","1","216","E216","18","O","227",25,0.42,57,0.82,960,6.49,959.18,5.67
"121","1","1","271","","21","O","230",38,0.34,61,0.71,1059,7.5,1058.29,6.79
"122","1","1","216","E216","22","O","231",22,0.29,47,0.61,556,3.55,555.39,2.94
"123","1","1","216","E216","23","O","232",24,0.31,60,0.9,851,5.01,850.1,4.11
"126","1","1","271","","21","P","244",26,0.28,48,0.56,978,5.4,977.44,4.84
"130","1","1","216","","17","P","240",32,0.31,55,0.75,1192,7.8,1191.25,7.05
"133","1","1","8L","","15","Q","252",43,0.42,53,0.6,1131,7.9,1130.4,7.3
"134","1","1","271","","16","Q","253",34,0.33,59,0.55,1018,7.3,1017.45,6.75
"135","1","1","271","","17","Q","254",32,0.61,59,1.08,1170,9.4,1168.92,8.32
"136","1","1","42E","","18","Q","255",24,0.29,25,0.29,1058,6.11,1057.71,5.82
"139","1","1","271","E271","21","Q","258",27,0.45,46,0.75,1109,6.85,1108.25,6.1
"140","1","1","271","E271","22","Q","259",17,0.27,23,0.43,702,4.6,701.57,4.17
"142","1","1","271","E271","22","R","273",21,0.35,33,0.62,670,3.21,669.38,2.59
"143","1","1","271","E271","21","R","272",30,0.4,67,0.87,1114,7.61,1113.13,6.74
"144","1","1","8L","","20","R","271",25,0.27,23,0.29,1044,6.94,1043.71,6.65
"145","1","1","271","E271","19","R","270",26,0.42,51,0.81,1176,7.5,1175.19,6.69
"147","1","1","216","E216","17","R","268",26,0.3,45,0.61,726,3.52,725.39,2.91
"148","1","1","271","","16","R","267",32,0.28,34,0.51,503,2.95,502.49,2.44
"149","1","1","8L","","15","R","266",34,0.37,37,0.41,563,4.12,562.59,3.71
"150","1","1","271","","15","S","279",47,0.47,67,0.79,1024,8.4,1023.21,7.61
"153","1","1","216","","18","S","282",21,0.33,36,0.49,421,2.8,420.51,2.31
"154","1","1","8L","","19","S","283",19,0.27,19,0.3,376,2.9,375.7,2.6
"155","1","1","216","","20","S","284",38,0.41,58,0.71,1116,8.6,1115.29,7.89
"159","1","1","8L","","19","T","296",41,0.38,41,0.38,1206,9.9,1205.62,9.52
"161","1","1","216","","17","T","294",23,0.26,46,0.59,1070,7.45,1069.41,6.86
"163","1","1","271","","15","T","292",39,0.38,59,0.71,1023,8.05,1022.29,7.34
"164","1","1","216","E216","15","U","304",38,0.43,46,0.65,1036,8.35,1035.35,7.7
"167","1","2","8L","","18","B","395",28,0.68,24,0.51,1091,7.97,1090.49,7.46
"169","1","2","42E","","16","B","393",23,0.32,23,0.43,1271,8.96,1270.57,8.53
"172","1","2","271","","16","C","405",45,0.48,64,0.73,674,4.4,673.27,3.67
"173","1","2","216","E216","17","C","406",32,0.36,41,0.59,924,5.13,923.41,4.54
"175","1","2","8L","","19","C","408",31,0.28,30,0.33,484,2.7,483.67,2.37
"176","1","2","271","E271","20","C","409",25,0.46,58,0.67,1126,8.12,1125.33,7.45
"177","1","2","271","","21","C","410",39,0.59,78,0.68,1214,7.99,1213.32,7.31
"178","1","2","271","E271","22","D","423",23,0.34,76,0.66,1199,7.9,1198.34,7.24
"179","1","2","271","","21","D","422",50,0.51,90,0.75,1129,6.23,1128.25,5.48
"180","1","2","271","E271","20","D","421",23,0.45,79,0.91,1162,8.18,1161.09,7.27
"183","1","2","216","E216","17","D","418",33,0.47,76,0.86,1205,9.44,1204.14,8.58
"184","1","2","271","","16","D","417",31,0.26,84,0.72,1123,8.68,1122.28,7.96
"185","1","2","259","","15","D","416",27,0.4,48,0.6,469,3.41,468.4,2.81
"187","1","2","271","","16","E","430",47,0.48,95,0.8,1221,9.03,1220.2,8.23
"189","1","2","216","","18","E","432",36,0.56,71,0.76,794,4.98,793.24,4.22
"190","1","2","8L","","19","E","433",30,0.28,30,0.28,1214,8.14,1213.72,7.86
"191","1","2","216","","20","E","434",16,0.2,28,0.52,591,3.41,590.48,2.89
"192","1","2","271","","21","E","435",23,0.28,64,0.69,1167,7.52,1166.31,6.83
"193","1","2","216","E216","22","E","436",31,0.55,86,0.89,1184,7.92,1183.11,7.03
"194","1","2","216","E216","23","E","437",27,0.38,66,0.73,948,4.43,947.27,3.7
"196","1","2","216","E216","22","F","450",32,0.46,32,0.58,1073,6.03,1072.42,5.45
"200","1","2","259","","18","F","446",24,0.41,49,0.66,529,4.21,528.34,3.55
"202","1","2","271","","16","F","444",42,0.49,63,0.82,1178,9.04,1177.18,8.22
"204","1","2","216","","15","G","457",31,0.38,37,0.72,791,4.43,790.28,3.71
"205","1","2","42E","","16","G","458",54,0.52,58,0.7,789,3.99,788.3,3.29
"206","1","2","42E","","17","G","459",46,0.44,60,0.56,1325,11.58,1324.44,11.02
"208","1","2","271","E271","19","G","461",37,0.39,93,0.82,1219,9.29,1218.18,8.47
"209","1","2","8L","","20","G","462",22,0.29,21,0.3,1007,5.53,1006.7,5.23
"210","1","2","271","","21","G","463",44,0.33,75,0.74,1134,6.53,1133.26,5.79
"211","1","2","271","E271","22","G","464",36,0.52,99,0.85,1224,9.2,1223.15,8.35
"212","1","2","8L","","23","G","465",25,0.37,24,0.42,706,3.56,705.58,3.14
"214","1","2","271","E271","22","H","478",21,0.41,72,0.8,1004,5.39,1003.2,4.59
"215","1","2","271","","21","H","477",34,0.47,76,0.72,1163,7.2,1162.28,6.48
"216","1","2","8L","","20","H","476",45,0.42,23,0.29,375,2.82,374.71,2.53
"217","1","2","271","E271","19","H","475",24,0.48,72,1,1214,9.1,1213,8.1
"219","1","2","42E","","17","H","473",41,0.63,76,0.69,1276,10.52,1275.31,9.83
"220","1","2","42E","","16","H","472",44,0.51,61,0.67,712,5.32,711.33,4.65
"221","1","2","216","","15","H","471",20,0.32,90,0.92,1075,9.01,1074.08,8.09
"223","1","2","271","E271","16","I","486",23,0.27,80,0.77,1104,8.2,1103.23,7.43
"226","1","2","271","","19","I","489",55,0.55,103,0.97,1214,8.28,1213.03,7.31
"227","1","2","271","E271","20","I","490",23,0.24,90,0.8,1252,8.38,1251.2,7.58
"228","1","2","271","E271","21","I","491",36,0.47,78,0.84,1194,7.9,1193.16,7.06
"229","1","2","42E","","22","I","492",25,0.4,39,0.5,1153,6.64,1152.5,6.14
"230","1","2","216","","23","I","493",37,0.44,37,0.63,460,2.96,459.37,2.33
"231","1","2","216","","24","I","494",49,0.61,48,0.74,593,3.2,592.26,2.46
"232","1","2","8L","","24","J","509",27,0.27,27,0.46,495,2.99,494.54,2.53
"233","1","2","216","","23","J","508",48,0.65,48,0.83,711,4.96,710.17,4.13
"234","1","2","42E","","22","J","507",32,0.31,52,0.47,1261,10.72,1260.53,10.25
"235","1","2","271","E271","21","J","506",31,0.31,62,0.67,1218,8.15,1217.33,7.48
"236","1","2","271","E271","20","J","505",31,0.51,43,0.64,1100,6,1099.36,5.36
"237","1","2","271","","19","J","504",32,0.2,77,0.66,1105,6.73,1104.34,6.07
"238","1","2","271","","18","J","503",55,0.63,103,0.89,1182,7.5,1181.11,6.61
"239","1","2","216","E216","17","J","502",30,0.42,72,0.67,827,5.02,826.33,4.35
"240","1","2","271","E271","16","J","501",31,0.42,65,0.84,1084,8.2,1083.16,7.36
"243","1","2","216","","16","K","516",40,0.42,74,0.66,1113,9.4,1112.34,8.74
"245","1","2","271","","18","K","518",56,0.51,100,0.88,1214,9.14,1213.12,8.26
"247","1","2","216","","20","K","520",30,0.43,30,0.73,983,5.88,982.27,5.15
"250","1","2","216","","23","K","523",37,0.42,37,0.58,785,4,784.42,3.42
"251","1","2","8L","","24","K","524",28,0.22,26,0.31,676,3.65,675.69,3.34
"252","1","2","216","E216","24","L","539",21,0.25,31,0.68,643,3.45,642.32,2.77
"253","1","2","216","","23","L","538",27,0.47,51,0.63,989,7,988.37,6.37
"256","1","2","216","","20","L","535",35,0.39,30,0.66,841,4.4,840.34,3.74
"257","1","2","216","","19","L","534",33,0.49,71,0.73,1125,7.25,1124.27,6.52
"263","1","2","42E","","16","M","546",43,0.46,69,0.77,1487,12.05,1486.23,11.28
"266","1","2","271","","19","M","549",43,0.45,61,0.7,1063,6.31,1062.3,5.61
"267","1","2","216","E216","20","M","550",35,0.49,46,0.46,759,4.8,758.54,4.34
"268","1","2","216","E216","21","M","551",34,0.57,40,0.58,700,4.25,699.42,3.67
"270","1","2","42E","","23","M","553",17,0.32,52,0.66,1371,12.71,1370.34,12.05
"271","1","2","216","E216","24","M","554",21,0.27,36,0.63,637,3.42,636.37,2.79
"272","1","2","42E","","23","N","568",21,0.24,28,0.26,981,6,980.74,5.74
"275","1","2","216","E216","20","N","565",30,0.43,71,0.69,635,5.2,634.31,4.51
"276","1","2","271","","19","N","564",46,0.47,100,0.93,1133,8.7,1132.07,7.77
"277","1","2","271","","18","N","563",57,0.58,109,0.94,1180,7.95,1179.06,7.01
"279","1","2","42E","","16","N","561",58,0.48,60,0.64,1076,6.81,1075.36,6.17
"281","1","2","8L","","15","O","574",38,0.53,89,0.89,1066,9.42,1065.11,8.53
"282","1","2","42E","","16","O","575",58,0.59,73,0.73,1284,8.72,1283.27,7.99
"283","1","2","42E","","17","O","576",55,0.53,71,0.69,854,8.9,853.31,8.21
"284","1","2","271","","18","O","577",63,0.53,107,0.87,1177,6.93,1176.13,6.06
"288","1","2","271","","22","O","581",38,0.41,86,0.76,1132,7.3,1131.24,6.54
"289","1","2","271","","23","O","582",41,0.36,80,0.71,1110,6.95,1109.29,6.24
"290","1","2","271","","23","P","596",36,0.33,70,0.71,1230,7.62,1229.29,6.91
"296","1","2","42E","","17","P","590",24,0.34,35,0.37,817,4.35,816.63,3.98
"297","1","2","42E","","16","P","589",42,0.54,92,0.99,1425,12.02,1424.01,11.03
"298","1","2","8L","","15","P","588",28,0.52,32,0.5,580,3.45,579.5,2.95
"299","1","2","216","E216","15","Q","602",26,0.43,63,0.87,1076,6.49,1075.13,5.62
"301","1","2","271","E271","17","Q","604",24,0.45,76,0.93,1188,7.76,1187.07,6.83
"303","1","2","271","E271","19","Q","606",29,0.3,49,0.71,918,5.75,917.29,5.04
"304","1","2","271","","20","Q","607",42,0.45,106,0.92,1210,9.5,1209.08,8.58
"305","1","2","216","E216","21","Q","608",40,0.41,73,0.77,1107,7.01,1106.23,6.24
"306","1","2","271","E271","22","Q","609",31,0.48,77,0.81,1176,6.85,1175.19,6.04
"307","1","2","271","","23","Q","610",48,0.5,92,0.81,1160,7.85,1159.19,7.04
"308","1","2","271","E271","22","R","623",25,0.41,73,0.84,1061,6.65,1060.16,5.81
"309","1","2","216","E216","21","R","622",36,0.52,65,0.89,805,4.9,804.11,4.01
"310","1","2","271","","20","R","621",19,0.31,90,0.8,1106,7.68,1105.2,6.88
"313","1","2","271","E271","17","R","618",25,0.49,61,0.81,1170,8.54,1169.19,7.73
"314","1","2","271","","16","R","617",47,0.48,89,0.94,1159,9.79,1158.06,8.85
"318","1","2","271","E271","17","S","631",21,0.29,61,0.64,1224,8.8,1223.36,8.16
"319","1","2","8L","","18","S","632",39,0.46,44,0.52,617,4.4,616.48,3.88
"320","1","2","271","","19","S","633",43,0.35,64,0.6,1113,7.71,1112.4,7.11
"321","1","2","42E","","20","S","634",21,0.42,38,0.47,1066,6.25,1065.53,5.78
"322","1","2","216","E216","21","S","635",35,0.39,66,0.62,1162,7,1161.38,6.38
"323","1","2","8L","","22","S","636",32,0.34,32,0.31,387,2.4,386.69,2.09
"324","1","2","42E","","20","T","647",17,0.24,59,0.66,918,7.21,917.34,6.55
"325","1","2","271","","19","T","646",41,0.45,84,0.7,1150,8.22,1149.3,7.52
"326","1","2","271","E271","18","T","645",18,0.24,61,0.6,1171,7.87,1170.4,7.27
"327","1","2","271","E271","17","T","644",27,0.39,39,0.65,1033,7.11,1032.35,6.46
"330","1","2","259","","15","U","654",31,0.39,30,0.63,588,4.35,587.37,3.72
"333","1","3","271","","18","B","745",33,0.36,57,0.67,896,6.22,895.33,5.55
"334","1","3","42E","","17","B","744",30,0.29,57,0.49,888,6.58,887.51,6.09
"338","1","3","42E","","16","C","755",26,0.28,67,0.74,1037,8.12,1036.26,7.38
"342","1","3","8L","","20","C","759",22,0.24,31,0.56,614,3.6,613.44,3.04
"344","1","3","271","","22","D","773",38,0.34,55,0.66,866,5.86,865.34,5.2
"345","1","3","216","","21","D","772",40,0.38,59,0.72,878,6.41,877.28,5.69
"346","1","3","8L","","20","D","771",36,0.4,33,0.61,963,6.93,962.39,6.32
"347","1","3","42E","","19","D","770",21,0.32,40,0.56,678,3.68,677.44,3.12
"348","1","3","216","","18","D","769",27,0.31,78,0.77,934,6.54,933.23,5.77
"350","1","3","42E","","16","D","767",23,0.27,27,0.42,907,6.61,906.58,6.19
"352","1","3","42E","","15","E","779",16,0.2,31,0.42,996,7.86,995.58,7.44
"354","1","3","8L","","17","E","781",35,0.34,64,0.74,1131,9.58,1130.26,8.84
"355","1","3","216","","18","E","782",22,0.3,67,0.76,1060,7.08,1059.24,6.32
"358","1","3","271","","21","E","785",38,0.32,54,0.67,879,4.91,878.33,4.24
"359","1","3","271","","22","E","786",46,0.4,62,0.75,933,6.82,932.25,6.07
"360","1","3","271","","23","E","787",40,0.39,61,0.8,794,5.34,793.2,4.54
"362","1","3","271","","22","F","800",49,0.45,66,0.87,1005,7.81,1004.13,6.94
"364","1","3","216","","20","F","798",17,0.25,36,0.54,704,5.11,703.46,4.57
"367","1","3","8L","","17","F","795",24,0.3,10,0.32,214,1.1,213.68,0.78
"371","1","3","8L","","16","G","808",42,0.4,50,0.55,1011,9.9,1010.45,9.35
"374","1","3","42E","","19","G","811",18,0.25,41,0.62,1166,8.85,1165.38,8.23
"380","1","3","271","","24","H","831",33,0.35,59,0.62,770,5.12,769.38,4.5
"386","1","3","8L","","18","H","825",56,0.64,63,0.86,1038,8.95,1037.14,8.09
"388","1","3","8L","","16","H","823",19,0.26,29,0.47,855,6.21,854.53,5.74
"389","1","3","8L","","15","H","822",27,0.35,32,0.45,749,5.25,748.55,4.8
"390","1","3","271","","15","I","837",26,0.3,31,0.51,444,3.2,443.49,2.69
"391","1","3","216","","16","I","838",19,0.27,39,0.64,544,4.9,543.36,4.26
"393","1","3","8L","","18","I","840",42,0.4,42,0.43,975,7,974.57,6.57
"394","1","3","271","","19","I","841",28,0.3,47,0.58,883,5.84,882.42,5.26
"396","1","3","216","","21","I","843",34,0.35,50,0.76,873,6.39,872.24,5.63
"397","1","3","42E","","22","I","844",46,0.42,65,0.76,1161,10.82,1160.24,10.06
"398","1","3","42E","","23","I","845",21,0.22,21,0.25,282,1.6,281.75,1.35
"399","1","3","271","","24","I","846",40,0.36,79,0.67,745,5.1,744.33,4.43
"400","1","3","8L","","24","J","861",30,0.22,29,0.27,318,2.1,317.73,1.83
"401","1","3","42E","","23","J","860",24,0.23,24,0.28,419,2.04,418.72,1.76
"404","1","3","8L","","20","J","857",47,0.6,59,0.76,1134,9.08,1133.24,8.32
"405","1","3","271","","19","J","856",29,0.29,49,0.64,829,6.02,828.36,5.38
"408","1","3","216","","16","J","853",32,0.33,55,0.72,928,7.42,927.28,6.7
"409","1","3","271","","15","J","852",31,0.31,46,0.69,806,6.15,805.31,5.46
"412","1","3","8L","","17","K","869",28,0.36,21,0.38,614,3.8,613.62,3.42
"415","1","3","216","","20","K","872",24,0.29,25,0.43,835,5.02,834.57,4.59
"417","1","3","216","","22","K","874",27,0.28,41,0.66,638,4,637.34,3.34
"418","1","3","8L","","23","K","875",22,0.19,22,0.27,285,2,284.73,1.73
"419","1","3","8L","","24","K","876",27,0.23,27,0.27,195,0.62,194.73,0.35
"421","1","3","216","","22","L","889",37,0.36,60,0.78,1113,8.98,1112.22,8.2
"422","1","3","259","","21","L","888",39,0.43,62,0.87,403,3.05,402.13,2.18
"423","1","3","216","","20","L","887",28,0.31,18,0.5,769,4.6,768.5,4.1
"425","1","3","216","","18","L","885",31,0.37,30,0.57,712,4.74,711.43,4.17
"426","1","3","8L","","17","L","884",25,0.31,32,0.38,916,8.2,915.62,7.82
"427","1","3","8L","","16","L","883",40,0.45,39,0.49,351,2.32,350.51,1.83
"428","1","3","271","","15","L","882",30,0.32,63,0.59,717,6.18,716.41,5.59
"430","1","3","216","","16","M","897",29,0.29,50,0.68,290,1.85,289.32,1.17
"431","1","3","8L","","17","M","898",36,0.32,39,0.44,820,5.12,819.56,4.68
"432","1","3","216","","18","M","899",18,0.24,45,0.56,726,4.7,725.44,4.14
"433","1","3","42E","","19","M","900",38,0.38,69,0.78,1092,8.75,1091.22,7.97
"436","1","3","271","","22","M","903",32,0.31,45,0.55,815,6,814.45,5.45
"437","1","3","271","","23","M","904",25,0.31,41,0.53,640,3.4,639.47,2.87
"438","1","3","271","","23","N","918",33,0.34,44,0.68,729,4.9,728.32,4.22
"439","1","3","271","","22","N","917",31,0.32,44,0.62,820,5.41,819.38,4.79
"442","1","3","42E","","19","N","914",33,0.38,68,0.67,1026,7.7,1025.33,7.03
"443","1","3","271","","18","N","913",33,0.27,68,0.63,964,6.7,963.37,6.07
"444","1","3","8L","","17","N","912",33,0.46,37,0.48,1003,7.99,1002.52,7.51
"445","1","3","216","","16","N","911",33,0.32,38,0.6,567,4.12,566.4,3.52
"448","1","3","42E","","16","O","925",27,0.31,51,0.56,949,6.5,948.44,5.94
"449","1","3","271","","17","O","926",39,0.4,69,0.73,727,6.1,726.27,5.37
"450","1","3","271","","18","O","927",35,0.35,87,0.78,1012,7.48,1011.22,6.7
"451","1","3","216","","19","O","928",45,0.45,44,0.9,883,5.5,882.1,4.6
"453","1","3","8L","","21","O","930",51,0.51,52,0.73,1102,9.8,1101.27,9.07
"454","1","3","216","","22","O","931",28,0.27,44,0.66,419,3.3,418.34,2.64
"455","1","3","8L","","23","O","932",27,0.22,37,0.27,570,3.62,569.73,3.35
"457","1","3","216","","22","P","945",19,0.31,26,0.49,365,2.1,364.51,1.61
"458","1","3","8L","","21","P","944",23,0.23,22,0.32,597,4.7,596.68,4.38
"459","1","3","42E","","20","P","943",20,0.23,56,0.56,926,6.5,925.44,5.94
"460","1","3","216","","19","P","942",40,0.41,50,0.7,922,6.1,921.3,5.4
"461","1","3","271","","18","P","941",27,0.27,48,0.61,914,5.25,913.39,4.64
"462","1","3","271","","17","P","940",33,0.36,41,0.58,420,3.5,419.42,2.92
"463","1","3","42E","","16","P","939",39,0.34,59,0.66,820,6.28,819.34,5.62
"464","1","3","271","","15","P","938",28,0.28,47,0.58,437,3.65,436.42,3.07
"466","1","3","271","","16","Q","953",32,0.34,69,0.6,735,5.28,734.4,4.68
"467","1","3","271","","17","Q","954",30,0.32,51,0.64,780,5.15,779.36,4.51
"468","1","3","271","","18","Q","955",26,0.25,51,0.57,700,6.05,699.43,5.48
"469","1","3","259","","19","Q","956",35,0.43,39,0.66,353,2.78,352.34,2.12
"473","1","3","216","","23","Q","960",20,0.3,40,0.69,869,5.8,868.31,5.11
"474","1","3","8L","","22","R","973",20,0.22,19,0.24,322,2.33,321.76,2.09
"475","1","3","42E","","21","R","972",24,0.23,41,0.5,662,4.2,661.5,3.7
"477","1","3","259","","19","R","970",47,0.5,45,0.73,347,2.6,346.27,1.87
"479","1","3","271","","17","R","968",20,0.23,62,0.62,860,5.9,859.38,5.28
"480","1","3","271","","16","R","967",27,0.29,62,0.58,834,5.95,833.42,5.37
"484","1","3","8L","","17","S","981",32,0.37,35,0.43,846,6.92,845.57,6.49
"485","1","3","271","","18","S","982",20,0.23,46,0.44,300,4.22,299.56,3.78
"486","1","3","216","","19","S","983",28,0.32,36,0.68,183,0.8,182.32,0.12
"487","1","3","8L","","20","S","984",33,0.25,31,0.35,742,5.1,741.65,4.75
"488","1","3","271","","21","S","985",33,0.36,45,0.78,716,5.45,715.22,4.67
"490","1","3","8L","","20","T","997",26,0.27,25,0.34,705,4.3,704.66,3.96
"491","1","3","216","","19","T","996",16,0.29,18,0.56,592,3.9,591.44,3.34
"492","1","3","42E","","18","T","995",30,0.3,36,0.55,907,5.85,906.45,5.3
"495","1","3","8L","","15","T","992",57,0.39,73,0.81,1037,9.1,1036.19,8.29
"496","1","3","271","","15","U","1004",21,0.23,34,0.48,337,2.52,336.52,2.04
"497","1","3","271","","16","U","1005",26,0.27,43,0.59,834,5.37,833.41,4.78
"500","1","4","8L","","17","B","1089",34,0.35,34,0.52,1166,8.09,1165.48,7.57
"502","1","4","42E","","15","B","1087",23,0.23,24,0.29,1066,7.08,1065.71,6.79
"503","1","4","259","","15","C","1098",33,0.39,67,0.72,531,3.86,530.28,3.14
"504","1","4","216","","16","C","1099",33,0.38,76,0.7,1048,7,1047.3,6.3
"506","1","4","216","","18","C","1101",21,0.23,47,0.53,551,2.91,550.47,2.38
"507","1","4","271","","19","C","1102",39,0.35,67,0.72,1275,9.59,1274.28,8.87
"509","1","4","271","","22","D","1117",27,0.21,30,0.43,400,2.13,399.57,1.7
"510","1","4","216","","21","D","1116",23,0.39,44,0.56,585,3.43,584.44,2.87
"511","1","4","8L","","20","D","1115",32,0.4,38,0.55,887,6.26,886.45,5.71
"512","1","4","271","","19","D","1114",37,0.34,50,0.62,1201,8.27,1200.38,7.65
"513","1","4","8L","","18","D","1113",18,0.19,19,0.24,355,2.01,354.76,1.77
"515","1","4","271","","16","D","1111",33,0.35,47,0.59,1078,8.3,1077.41,7.71
"517","1","4","8L","","15","E","1123",52,0.37,82,0.71,1388,14.43,1387.29,13.72
"521","1","4","271","","19","E","1127",48,0.43,66,0.73,1285,8.63,1284.27,7.9
"522","1","4","42E","","20","E","1128",19,0.27,43,0.42,1267,8.8,1266.58,8.38
"525","1","4","271","","23","F","1144",44,0.38,63,0.76,1197,9.29,1196.24,8.53
"529","1","4","271","","19","F","1140",57,0.43,70,0.68,1274,9.38,1273.32,8.7
"530","1","4","42E","","18","F","1139",22,0.32,33,0.45,1260,9.61,1259.55,9.16
"533","1","4","8L","","15","F","1136",42,0.45,71,0.64,1372,13.84,1371.36,13.2
"534","1","4","216","","15","G","1150",41,0.42,80,0.91,756,5.69,755.09,4.78
"536","1","4","8L","","17","G","1152",60,0.37,61,0.46,983,6.69,982.54,6.23
"537","1","4","42E","","18","G","1153",47,0.39,47,0.45,1214,7.53,1213.55,7.08
"539","1","4","271","","20","G","1155",27,0.27,42,0.53,407,2.24,406.47,1.71
"540","1","4","271","","21","G","1156",47,0.42,62,0.8,1241,9.63,1240.2,8.83
"541","1","4","8L","","22","G","1157",53,0.45,54,0.69,1322,9.54,1321.31,8.85
"542","1","4","42E","","23","G","1158",45,0.36,51,0.51,1120,6.59,1119.49,6.08
"543","1","4","42E","","23","H","1172",45,0.38,45,0.72,1048,6.23,1047.28,5.51
"545","1","4","271","","21","H","1170",44,0.41,51,0.74,1187,7.81,1186.26,7.07
"546","1","4","271","","20","H","1169",38,0.37,54,0.66,1044,7.65,1043.34,6.99
"547","1","4","8L","","19","H","1168",26,0.25,25,0.3,511,2.7,510.7,2.4
"549","1","4","8L","","17","H","1166",46,0.55,42,0.64,1214,9.03,1213.36,8.39
"550","1","4","42E","","16","H","1165",17,0.23,42,0.56,1148,7.11,1147.44,6.55
"551","1","4","271","","15","H","1164",51,0.47,96,0.81,1131,9.12,1130.19,8.31
"552","1","4","42E","","15","I","1178",20,0.21,51,0.57,1286,8.9,1285.43,8.33
"553","1","4","216","","16","I","1179",37,0.31,58,0.64,591,3.95,590.36,3.31
"554","1","4","8L","","17","I","1180",45,0.47,47,0.58,678,5.11,677.42,4.53
"557","1","4","271","","20","I","1183",43,0.41,65,0.75,1247,9.45,1246.25,8.7
"558","1","4","271","","21","I","1184",26,0.27,42,0.61,886,5.2,885.39,4.59
"560","1","4","42E","","23","I","1186",44,0.35,54,0.48,1111,6.65,1110.52,6.17
"563","1","4","271","","21","J","1198",44,0.39,62,0.85,1264,8.72,1263.15,7.87
"564","1","4","271","","20","J","1197",34,0.35,68,0.65,1190,9.35,1189.35,8.7
"567","1","4","8L","","17","J","1194",37,0.42,46,0.5,1213,8.45,1212.5,7.95
"568","1","4","216","","16","J","1193",37,0.43,59,0.65,983,5.52,982.35,4.87
"569","1","4","42E","","15","J","1192",29,0.28,64,0.63,1214,10.21,1213.37,9.58
"571","1","4","271","","16","K","1207",37,0.29,72,0.68,1066,6.35,1065.32,5.67
"572","1","4","271","","17","K","1208",44,0.37,76,0.7,1181,7.66,1180.3,6.96
"573","1","4","8L","","18","K","1209",38,0.41,52,0.46,1216,8,1215.54,7.54
"574","1","4","42E","","19","K","1210",47,0.39,47,0.51,1001,5.47,1000.49,4.96
"575","1","4","216","","20","K","1211",35,0.34,43,0.67,820,4.75,819.33,4.08
"576","1","4","271","","21","K","1212",30,0.3,45,0.67,746,5.21,745.33,4.54
"578","1","4","42E","","23","K","1214",50,0.47,73,0.76,1286,9.8,1285.24,9.04
"579","1","4","216","","24","K","1215",27,0.31,44,0.63,592,3.55,591.37,2.92
"580","1","4","8L","","24","L","1230",17,0.18,21,0.32,372,1.9,371.68,1.58
"582","1","4","271","","22","L","1228",23,0.2,30,0.47,667,3.35,666.53,2.88
"583","1","4","271","","21","L","1227",31,0.3,51,0.79,1178,8.8,1177.21,8.01
"584","1","4","216","","20","L","1226",40,0.4,40,0.64,1134,6.4,1133.36,5.76
"585","1","4","42E","","19","L","1225",64,0.62,63,0.73,1239,8.15,1238.27,7.42
"586","1","4","8L","","18","L","1224",51,0.6,61,0.73,1182,8.1,1181.27,7.37
"587","1","4","271","","17","L","1223",44,0.45,76,0.72,1173,7.96,1172.28,7.24
"588","1","4","271","","16","L","1222",25,0.28,44,0.51,1057,6.3,1056.49,5.79
"591","1","4","42E","","16","M","1237",26,0.27,56,0.59,1247,8.81,1246.41,8.22
"592","1","4","216","","17","M","1238",37,0.36,75,0.88,1218,7,1217.12,6.12
"595","1","4","8L","","20","M","1241",60,0.51,59,0.73,1352,11.4,1351.27,10.67
"597","1","4","8L","","22","M","1243",32,0.23,42,0.54,1226,8,1225.46,7.46
"598","1","4","271","","23","M","1244",40,0.35,50,0.69,1131,7.45,1130.31,6.76
"600","1","4","42E","","24","N","1260",50,0.47,54,0.69,1218,8.36,1217.31,7.67
"601","1","4","271","","23","N","1259",30,0.26,65,0.67,998,7.4,997.33,6.73
"602","1","4","8L","","22","N","1258",24,0.33,23,0.35,512,2.9,511.65,2.55
"604","1","4","8L","","20","N","1256",62,0.5,81,0.73,950,8.02,949.27,7.29
"606","1","4","271","","18","N","1254",28,0.29,64,0.65,838,5.72,837.35,5.07
"607","1","4","216","","17","N","1253",31,0.3,31,0.59,442,2.7,441.41,2.11
"608","1","4","42E","","16","N","1252",23,0.23,58,0.61,1246,9.18,1245.39,8.57
"610","1","4","216","","15","O","1266",38,0.36,87,0.87,1143,7.11,1142.13,6.24
"611","1","4","271","","16","O","1267",40,0.32,68,0.56,924,6.12,923.44,5.56
"613","1","4","271","","18","O","1269",36,0.32,59,0.66,923,6.55,922.34,5.89
"615","1","4","216","","20","O","1271",35,0.35,35,0.64,693,5.2,692.36,4.56
"616","1","4","8L","","21","O","1272",22,0.26,13,0.31,825,5.1,824.69,4.79
"618","1","4","42E","","23","O","1274",32,0.3,50,0.61,1124,7.15,1123.39,6.54
"619","1","4","42E","","24","O","1275",45,0.35,56,0.64,1151,6.67,1150.36,6.03
"620","1","4","42E","","23","P","1289",36,0.39,59,0.65,1222,8.85,1221.35,8.2
"623","1","4","216","","20","P","1286",19,0.31,37,0.58,482,3.31,481.42,2.73
"626","1","4","42E","","17","P","1283",55,0.48,72,0.68,1267,10,1266.32,9.32
"627","1","4","271","","16","P","1282",30,0.31,68,0.62,1025,7.35,1024.38,6.73
"628","1","4","216","","15","P","1281",34,0.33,86,0.78,1170,7.9,1169.22,7.12
"630","1","4","8L","","16","Q","1296",37,0.3,49,0.4,486,3.1,485.6,2.7
"631","1","4","42E","","17","Q","1297",33,0.29,51,0.44,1009,5.95,1008.56,5.51
"634","1","4","42E","","20","Q","1300",50,0.52,51,0.71,1202,7.6,1201.29,6.89
"636","1","4","216","","22","Q","1302",30,0.38,45,0.72,923,5.8,922.28,5.08
"639","1","4","216","","22","R","1316",37,0.48,57,0.73,689,4.5,688.27,3.77
"640","1","4","271","","21","R","1315",20,0.24,30,0.57,358,2.09,357.43,1.52
"641","1","4","42E","","20","R","1314",63,0.55,63,0.75,1303,9.4,1302.25,8.65
"642","1","4","271","","19","R","1313",41,0.37,71,0.8,1180,8.27,1179.2,7.47
"643","1","4","216","","18","R","1312",30,0.34,47,0.51,762,4.4,761.49,3.89
"644","1","4","42E","","17","R","1311",49,0.37,62,0.53,1239,8.73,1238.47,8.2
"645","1","4","8L","","16","R","1310",54,0.45,77,0.71,1137,8.65,1136.29,7.94
"647","1","4","42E","","15","S","1323",32,0.31,69,0.72,1366,10.41,1365.28,9.69
"648","1","4","8L","","16","S","1324",41,0.37,76,0.77,1360,11.7,1359.23,10.93
"649","1","4","271","","17","S","1325",37,0.37,68,0.56,1187,7.11,1186.44,6.55
"652","1","4","216","","20","S","1328",21,0.31,43,0.58,1067,6.63,1066.42,6.05
"656","1","4","271","","20","T","1341",22,0.23,47,0.59,1092,5.85,1091.41,5.26
"659","1","4","271","","17","T","1338",36,0.33,78,0.66,1235,8.15,1234.34,7.49
"660","1","4","8L","","16","T","1337",52,0.41,87,0.81,1329,12.2,1328.19,11.39
"661","1","4","42E","","15","T","1336",21,0.21,31,0.38,976,5.61,975.62,5.23
"662","1","4","216","","15","U","1348",34,0.35,71,0.74,848,5.67,847.26,4.93
"664","1","4","8L","","17","U","1350",48,0.47,86,0.66,1278,10.25,1277.34,9.59
"666","2","1","259","","18","B","1445",26,0.37,71,0.85,575,3.56,574.15,2.71
"668","2","1","271","E271","16","B","1443",30,0.59,86,0.92,1148,9.62,1147.08,8.7
"669","2","1","271","E271","15","B","1442",29,0.42,72,0.78,1041,9.19,1040.22,8.41
"670","2","1","216","E216","15","C","1454",27,0.31,63,0.62,864,6.46,863.38,5.84
"671","2","1","216","","16","C","1455",28,0.43,49,0.64,653,4.74,652.36,4.1
"672","2","1","8L","","17","C","1456",45,0.59,76,0.83,1209,9.89,1208.17,9.06
"674","2","1","271","","19","C","1458",30,0.33,90,0.79,1059,7.23,1058.21,6.44
"676","2","1","271","E271","21","C","1460",23,0.38,61,0.8,1075,8.09,1074.2,7.29
"678","2","1","271","E271","21","D","1472",27,0.35,48,0.55,353,2,352.45,1.45
"680","2","1","271","","19","D","1470",33,0.38,74,0.68,1010,6.27,1009.32,5.59
"681","2","1","216","E216","18","D","1469",17,0.38,39,0.76,606,3.64,605.24,2.88
"682","2","1","8L","","17","D","1468",26,0.45,50,0.5,982,5.7,981.5,5.2
"683","2","1","216","","16","D","1467",28,0.43,72,0.77,1035,7.74,1034.23,6.97
"684","2","1","216","E216","15","D","1466",21,0.28,62,0.55,923,7.32,922.45,6.77
"685","2","1","271","","15","E","1479",39,0.45,61,0.7,888,7.74,887.3,7.04
"687","2","1","216","","17","E","1481",36,0.38,71,0.66,847,6.07,846.34,5.41
"688","2","1","216","E216","18","E","1482",24,0.46,74,0.81,1019,7.09,1018.19,6.28
"689","2","1","216","","19","E","1483",27,0.44,44,0.54,999,6.07,998.46,5.53
"690","2","1","271","","20","E","1484",42,0.44,72,0.82,979,6.28,978.18,5.46
"691","2","1","42E","","21","E","1485",64,0.52,71,0.64,1188,9.74,1187.36,9.1
"696","2","1","42E","","21","F","1499",48,0.52,51,0.52,1106,7.38,1105.48,6.86
"697","2","1","271","","20","F","1498",38,0.39,50,0.56,817,4.25,816.44,3.69
"698","2","1","216","","19","F","1497",23,0.46,20,0.48,1066,7,1065.52,6.52
"699","2","1","271","E271","18","F","1496",32,0.44,73,0.94,982,6.32,981.06,5.38
"700","2","1","216","","17","F","1495",37,0.49,53,0.79,367,2.5,366.21,1.71
"702","2","1","271","","15","F","1493",39,0.45,85,0.72,1053,8.81,1052.28,8.09
"704","2","1","42E","","16","G","1508",27,0.39,54,0.65,1203,10.7,1202.35,10.05
"705","2","1","271","","17","G","1509",41,0.43,76,0.7,304,4.1,303.3,3.4
"706","2","1","271","E271","18","G","1510",28,0.41,76,0.89,1008,6.62,1007.11,5.73
"707","2","1","259","","19","G","1511",31,0.42,43,0.69,479,3.49,478.31,2.8
"709","2","1","271","E271","21","G","1513",35,0.59,87,0.74,1008,7.4,1007.26,6.66
"710","2","1","216","E216","22","G","1514",28,0.35,38,0.53,1011,6.5,1010.47,5.97
"712","2","1","216","","24","H","1530",40,0.48,75,0.76,550,4.09,549.24,3.33
"714","2","1","216","E216","22","H","1528",29,0.45,52,0.76,281,4,280.24,3.24
"715","2","1","271","E271","21","H","1527",23,0.3,44,0.57,761,5.12,760.43,4.55
"716","2","1","42E","","20","H","1526",58,0.44,62,0.6,1075,8.26,1074.4,7.66
"718","2","1","216","E216","18","H","1524",34,0.4,74,0.76,974,6.45,973.24,5.69
"719","2","1","271","","17","H","1523",37,0.4,74,0.66,1029,7.85,1028.34,7.19
"721","2","1","42E","","15","H","1521",19,0.24,51,0.52,1074,8.45,1073.48,7.93
"722","2","1","271","","15","I","1536",43,0.48,68,0.53,985,7.73,984.47,7.2
"723","2","1","271","E271","16","I","1537",27,0.47,57,0.78,786,4.32,785.22,3.54
"725","2","1","216","E216","18","I","1539",37,0.45,82,0.75,1009,5.92,1008.25,5.17
"726","2","1","259","","19","I","1540",37,0.54,64,0.85,503,3.25,502.15,2.4
"727","2","1","271","","20","I","1541",48,0.53,77,0.81,1014,7.4,1013.19,6.59
"731","2","1","216","","24","I","1545",42,0.46,66,0.74,1079,7.43,1078.26,6.69
"733","2","1","8L","","23","J","1559",42,0.23,43,0.31,409,2.1,408.69,1.79
"735","2","1","42E","","21","J","1557",66,0.55,67,0.65,1118,10.32,1117.35,9.67
"736","2","1","271","","20","J","1556",41,0.54,72,0.74,956,6.7,955.26,5.96
"738","2","1","8L","","18","J","1554",32,0.39,47,0.5,628,4.6,627.5,4.1
"740","2","1","271","E271","16","J","1552",25,0.41,70,0.82,1067,8.71,1066.18,7.89
"741","2","1","271","","15","J","1551",49,0.52,74,0.7,928,7.5,927.3,6.8
"743","2","1","216","","16","K","1567",32,0.35,66,0.65,670,5.33,669.35,4.68
"746","2","1","216","","19","K","1570",24,0.35,74,0.72,1075,9,1074.28,8.28
"747","2","1","42E","","20","K","1571",41,0.4,40,0.45,660,4.65,659.55,4.2
"749","2","1","271","E271","22","K","1573",25,0.42,72,0.79,1030,7.18,1029.21,6.39
"751","2","1","216","","24","K","1575",40,0.48,72,0.81,1094,7.78,1093.19,6.97
"752","2","1","271","","24","L","1590",37,0.3,58,0.49,957,5.87,956.51,5.38
"753","2","1","271","E271","23","L","1589",33,0.58,69,0.74,1047,6.35,1046.26,5.61
"754","2","1","271","E271","22","L","1588",23,0.4,36,0.59,618,2.95,617.41,2.36
"755","2","1","42E","","21","L","1587",44,0.42,58,0.52,1217,10.1,1216.48,9.58
"757","2","1","216","","19","L","1585",19,0.38,29,0.35,977,5.55,976.65,5.2
"758","2","1","216","","18","L","1584",24,0.29,75,0.79,692,5.65,691.21,4.86
"760","2","1","216","","16","L","1582",26,0.4,25,0.48,497,3.34,496.52,2.86
"762","2","1","271","","15","M","1596",48,0.37,84,0.7,1020,8.52,1019.3,7.82
"763","2","1","216","E216","16","M","1597",20,0.3,32,0.6,1026,6.3,1025.4,5.7
"764","2","1","271","E271","17","M","1598",32,0.43,87,0.92,1042,8.45,1041.08,7.53
"767","2","1","216","E216","20","M","1601",42,0.42,60,0.81,792,5.71,791.19,4.9
"769","2","1","271","","22","M","1603",25,0.29,58,0.61,689,3.7,688.39,3.09
"770","2","1","271","","23","M","1604",29,0.32,67,0.64,1066,7.25,1065.36,6.61
"772","2","1","271","","22","N","1617",28,0.29,72,0.66,1021,7.1,1020.34,6.44
"774","2","1","216","E216","20","N","1615",38,0.5,60,0.94,1067,7,1066.06,6.06
"776","2","1","271","","18","N","1613",39,0.35,73,0.74,1009,7.65,1008.26,6.91
"777","2","1","271","E271","17","N","1612",27,0.41,54,0.62,1031,7.1,1030.38,6.48
"778","2","1","216","E216","16","N","1611",31,0.5,51,0.74,824,6.6,823.26,5.86
"779","2","1","271","","15","N","1610",49,0.5,66,0.63,845,5,844.37,4.37
"780","2","1","271","E271","15","O","1624",27,0.53,54,0.87,1041,7.92,1040.13,7.05
"781","2","1","271","","16","O","1625",34,0.43,42,0.44,941,5.2,940.56,4.76
"784","2","1","8L","","19","O","1628",36,0.43,41,0.56,1057,7.65,1056.44,7.09
"785","2","1","271","","20","O","1629",24,0.32,72,0.63,1038,6.48,1037.37,5.85
"786","2","1","271","E271","21","O","1630",33,0.35,81,0.8,1021,8.05,1020.2,7.25
"787","2","1","271","E271","22","O","1631",36,0.43,64,0.77,1072,8.11,1071.23,7.34
"788","2","1","216","","23","O","1632",29,0.51,62,0.7,944,5.32,943.3,4.62
"789","2","1","216","","23","P","1646",26,0.41,49,0.55,598,3.73,597.45,3.18
"790","2","1","271","E271","22","P","1645",30,0.29,61,0.54,962,6.2,961.46,5.66
"791","2","1","271","E271","21","P","1644",20,0.29,49,0.53,914,5.65,913.47,5.12
"792","2","1","271","","20","P","1643",32,0.29,57,0.6,949,5.6,948.4,5
"794","2","1","8L","","18","P","1641",45,0.5,66,0.72,1093,9.84,1092.28,9.12
"795","2","1","259","","17","P","1640",35,0.41,62,0.72,480,3.2,479.28,2.48
"796","2","1","271","","16","P","1639",44,0.44,83,0.7,1031,6.73,1030.3,6.03
"797","2","1","271","E271","15","P","1638",30,0.48,74,0.8,982,8.55,981.2,7.75
"798","2","1","216","E216","15","Q","1652",22,0.35,42,0.59,787,6.1,786.41,5.51
"799","2","1","8L","","16","Q","1653",46,0.6,68,0.86,1242,12.02,1241.14,11.16
"801","2","1","8L","","18","Q","1655",30,0.49,35,0.59,575,4.26,574.41,3.67
"802","2","1","8L","","19","Q","1656",44,0.56,70,0.83,433,3.03,432.17,2.2
"803","2","1","216","E216","20","Q","1657",42,0.39,66,0.69,1066,6.9,1065.31,6.21
"806","2","1","271","","23","Q","1660",25,0.34,71,0.61,1049,6.55,1048.39,5.94
"807","2","1","216","E216","22","R","1673",31,0.39,38,0.62,902,5.5,901.38,4.88
"809","2","1","216","E216","20","R","1671",26,0.37,39,0.5,825,4.26,824.5,3.76
"810","2","1","8L","","19","R","1670",48,0.51,53,0.67,1265,7.7,1264.33,7.03
"813","2","1","8L","","16","R","1667",32,0.32,58,0.61,818,6.41,817.39,5.8
"814","2","1","216","E216","15","R","1666",29,0.36,60,0.67,786,5.2,785.33,4.53
"815","2","1","271","E271","15","S","1679",30,0.4,71,0.76,940,5.79,939.24,5.03
"823","2","1","8L","","20","T","1697",27,0.34,32,0.49,662,5.4,661.51,4.91
"824","2","1","42E","","19","T","1696",22,0.16,65,0.56,1077,9.09,1076.44,8.53
"826","2","1","216","","17","T","1694",27,0.37,43,0.52,673,4.47,672.48,3.95
"827","2","1","216","E216","16","T","1693",20,0.25,39,0.44,826,4.9,825.56,4.46
"828","2","1","271","E271","15","T","1692",24,0.3,62,0.5,882,5.5,881.5,5
"829","2","1","216","","15","U","1704",43,0.47,95,0.81,964,7.31,963.19,6.5
"831","2","1","8L","","17","U","1706",51,0.48,50,0.49,853,5.7,852.51,5.21
"833","2","2","271","","16","B","1790",32,0.34,86,0.79,1129,9.84,1128.21,9.05
"834","2","2","42E","","15","B","1789",20,0.25,36,0.44,1256,10.63,1255.56,10.19
"835","2","2","216","E216","15","C","1800",33,0.3,54,0.59,1058,6.23,1057.41,5.64
"837","2","2","271","","17","C","1802",40,0.39,100,0.89,1202,10.19,1201.11,9.3
"838","2","2","42E","","18","C","1803",28,0.23,60,0.54,1244,7.78,1243.46,7.24
"839","2","2","216","","19","C","1804",31,0.32,30,0.52,756,3.98,755.48,3.46
"840","2","2","271","E271","20","C","1805",18,0.41,41,0.68,505,2.49,504.32,1.81
"841","2","2","271","","21","C","1806",46,0.39,94,0.72,1235,9.13,1234.28,8.41
"843","2","2","271","","21","D","1818",43,0.47,85,0.85,1264,10.19,1263.15,9.34
"844","2","2","271","E271","20","D","1817",31,0.46,85,0.84,1254,9.36,1253.16,8.52
"845","2","2","216","","19","D","1816",45,0.48,74,0.94,803,6.29,802.06,5.35
"847","2","2","271","","17","D","1814",45,0.37,77,0.76,1238,10.17,1237.24,9.41
"848","2","2","271","E271","16","D","1813",20,0.33,44,0.8,707,3.52,706.2,2.72
"850","2","2","271","E271","15","E","1824",22,0.32,68,0.68,981,5.75,980.32,5.07
"851","2","2","271","","16","E","1825",37,0.36,67,0.8,1237,11,1236.2,10.2
"852","2","2","259","","17","E","1826",29,0.34,59,0.66,624,4.1,623.34,3.44
"861","2","2","259","","20","F","1842",34,0.38,68,0.69,598,4.23,597.31,3.54
"862","2","2","259","","19","F","1841",28,0.32,63,0.74,669,4.6,668.26,3.86
"863","2","2","216","E216","18","F","1840",35,0.37,80,0.83,1146,8.2,1145.17,7.37
"864","2","2","259","","17","F","1839",32,0.32,68,0.71,783,4.86,782.29,4.15
"865","2","2","271","","16","F","1838",38,0.32,61,0.61,1168,10.48,1167.39,9.87
"868","2","2","259","","16","G","1852",23,0.29,49,0.6,821,5.12,820.4,4.52
"869","2","2","259","","17","G","1853",27,0.38,66,0.76,753,4.4,752.24,3.64
"870","2","2","216","E216","18","G","1854",25,0.28,58,0.6,736,4.34,735.4,3.74
"871","2","2","216","E216","19","G","1855",29,0.34,68,0.69,1214,8.58,1213.31,7.89
"873","2","2","8L","","21","G","1857",23,0.23,24,0.26,886,5.92,885.74,5.66
"874","2","2","271","","22","G","1858",39,0.46,58,0.71,1266,11.38,1265.29,10.67
"877","2","2","271","","22","H","1872",41,0.34,82,0.66,1228,8.52,1227.34,7.86
"878","2","2","8L","","21","H","1871",31,0.28,31,0.38,629,3.94,628.62,3.56
"879","2","2","42E","","20","H","1870",19,0.22,26,0.37,1114,6.27,1113.63,5.9
"880","2","2","216","E216","19","H","1869",21,0.34,45,0.61,689,4.1,688.39,3.49
"881","2","2","271","","18","H","1868",36,0.31,105,0.86,1120,7.69,1119.14,6.83
"883","2","2","259","","16","H","1866",29,0.35,61,0.8,653,5.07,652.2,4.27
"886","2","2","216","E216","16","I","1880",35,0.33,57,0.66,1044,5.68,1043.34,5.02
"887","2","2","216","","17","I","1881",40,0.5,60,0.75,889,6.37,888.25,5.62
"888","2","2","271","","18","I","1882",30,0.28,98,0.84,1200,9.18,1199.16,8.34
"890","2","2","271","E271","20","I","1884",30,0.43,69,0.85,1188,9.92,1187.15,9.07
"891","2","2","42E","","21","I","1885",16,0.26,53,0.52,762,3.7,761.48,3.18
"892","2","2","216","","22","I","1886",42,0.36,74,0.81,431,3.03,430.19,2.22
"894","2","2","271","E271","24","I","1888",31,0.25,27,0.37,1195,7.11,1194.63,6.74
"895","2","2","271","E271","24","J","1903",35,0.26,52,0.61,1206,8.58,1205.39,7.97
"897","2","2","216","","22","J","1901",51,0.44,100,0.78,1259,10.35,1258.22,9.57
"898","2","2","42E","","21","J","1900",14,0.24,21,0.34,1208,6.8,1207.66,6.46
"899","2","2","271","E271","20","J","1899",29,0.27,64,0.58,1194,7.28,1193.42,6.7
"900","2","2","8L","","19","J","1898",42,0.36,40,0.38,858,5.1,857.62,4.72
"901","2","2","42E","","18","J","1897",35,0.43,43,0.49,1198,7.42,1197.51,6.93
"902","2","2","216","","17","J","1896",43,0.48,78,0.97,811,4.98,810.03,4.01
"903","2","2","216","E216","16","J","1895",28,0.3,60,0.63,1117,7.45,1116.37,6.82
"904","2","2","42E","","15","J","1894",41,0.3,65,0.61,1148,9.43,1147.39,8.82
"905","2","2","271","E271","15","K","1909",19,0.24,41,0.61,1107,8.45,1106.39,7.84
"906","2","2","8L","","16","K","1910",40,0.42,37,0.49,997,6.58,996.51,6.09
"908","2","2","42E","","18","K","1912",52,0.52,56,0.62,1278,9,1277.38,8.38
"912","2","2","216","E216","22","K","1916",30,0.41,49,0.68,526,3.8,525.32,3.12
"913","2","2","216","","23","K","1917",35,0.39,21,0.48,528,3.82,527.52,3.34
"914","2","2","271","E271","24","K","1918",33,0.45,83,0.82,1296,9.55,1295.18,8.73
"915","2","2","271","E271","24","L","1933",23,0.28,79,0.88,868,3.2,867.12,2.32
"916","2","2","271","E271","23","L","1932",27,0.49,62,0.75,1195,6.32,1194.25,5.57
"917","2","2","216","E216","22","L","1931",29,0.41,71,0.72,901,5.75,900.28,5.03
"918","2","2","259","","21","L","1930",37,0.3,69,0.67,628,4.72,627.33,4.05
"919","2","2","216","E216","20","L","1929",30,0.31,33,0.51,631,4.29,630.49,3.78
"920","2","2","271","","19","L","1928",40,0.36,92,0.82,1328,9.3,1327.18,8.48
"921","2","2","216","","18","L","1927",40,0.4,98,0.84,1210,7.3,1209.16,6.46
"925","2","2","42E","","15","M","1939",50,0.54,51,0.65,1145,7.88,1144.35,7.23
"926","2","2","271","","16","M","1940",40,0.33,62,0.92,1261,8.53,1260.08,7.61
"927","2","2","216","","17","M","1941",33,0.32,51,0.66,788,4.9,787.34,4.24
"928","2","2","216","","18","M","1942",37,0.43,29,0.65,1182,7,1181.35,6.35
"929","2","2","42E","","19","M","1943",29,0.33,32,0.39,773,3.5,772.61,3.11
"930","2","2","271","","20","M","1944",28,0.34,43,0.75,1181,7.5,1180.25,6.75
"932","2","2","216","","22","M","1946",36,0.26,71,0.74,1214,6.85,1213.26,6.11
"933","2","2","271","E271","23","M","1947",26,0.36,88,0.93,987,5.9,986.07,4.97
"935","2","2","216","E216","23","N","1962",38,0.35,67,0.92,1171,6.15,1170.08,5.23
"936","2","2","216","","22","N","1961",43,0.41,79,0.77,1000,5.52,999.23,4.75
"939","2","2","42E","","19","N","1958",37,0.29,49,0.49,1333,8.31,1332.51,7.82
"941","2","2","216","","17","N","1956",36,0.32,36,0.53,480,2.82,479.47,2.29
"942","2","2","271","","16","N","1955",40,0.3,81,0.71,1178,7.1,1177.29,6.39
"943","2","2","42E","","15","N","1954",43,0.4,52,0.57,1118,7.1,1117.43,6.53
"945","2","2","42E","","16","O","1969",60,0.5,71,0.7,1366,11.01,1365.3,10.31
"946","2","2","271","","17","O","1970",60,0.42,109,0.86,1229,8.45,1228.14,7.59
"948","2","2","216","","19","O","1972",40,0.41,82,0.81,993,6.87,992.19,6.06
"950","2","2","271","E271","21","O","1974",26,0.44,72,0.86,1259,8.18,1258.14,7.32
"951","2","2","42E","","22","O","1975",25,0.32,32,0.37,1014,5.15,1013.63,4.78
"952","2","2","216","E216","23","O","1976",28,0.41,63,0.74,956,5.21,955.26,4.47
"953","2","2","271","","23","P","1990",35,0.27,60,0.61,985,6.32,984.39,5.71
"954","2","2","42E","","22","P","1989",20,0.16,41,0.34,1272,8.1,1271.66,7.76
"955","2","2","271","E271","21","P","1988",26,0.29,58,0.61,1127,6.45,1126.39,5.84
"957","2","2","216","","19","P","1986",33,0.36,58,0.69,556,3.45,555.31,2.76
"959","2","2","271","","17","P","1984",38,0.32,68,0.69,1233,8.4,1232.31,7.71
"960","2","2","42E","","16","P","1983",60,0.48,64,0.63,983,5.1,982.37,4.47
"961","2","2","8L","","15","P","1982",25,0.22,22,0.31,786,4.15,785.69,3.84
"963","2","2","271","","16","Q","1997",36,0.34,91,0.83,1360,10.28,1359.17,9.45
"965","2","2","216","","18","Q","1999",19,0.31,48,0.6,948,5.37,947.4,4.77
"966","2","2","271","E271","19","Q","2000",26,0.38,77,0.88,1289,8.5,1288.12,7.62
"967","2","2","271","E271","20","Q","2001",20,0.38,36,0.72,574,2.75,573.28,2.03
"968","2","2","271","E271","21","Q","2002",30,0.46,81,0.91,1242,10.72,1241.09,9.81
"970","2","2","271","","23","Q","2004",39,0.45,61,0.76,1205,7.88,1204.24,7.12
"971","2","2","271","E271","23","R","2018",25,0.32,72,0.98,1274,8.4,1273.02,7.42
"973","2","2","271","E271","21","R","2016",30,0.4,82,0.88,1282,9.3,1281.12,8.42
"974","2","2","271","E271","20","R","2015",30,0.4,64,0.83,1318,10.15,1317.17,9.32
"975","2","2","271","E271","19","R","2014",26,0.38,58,0.74,1239,9.8,1238.26,9.06
"978","2","2","216","","16","R","2011",30,0.3,53,0.7,1028,7.04,1027.3,6.34
"980","2","2","42E","","15","S","2024",51,0.43,71,0.64,1321,12.15,1320.36,11.51
"981","2","2","271","E271","16","S","2025",25,0.35,41,0.64,836,4.8,835.36,4.16
"985","2","2","271","E271","20","S","2029",23,0.22,26,0.34,458,2.6,457.66,2.26
"988","2","2","271","E271","20","T","2042",36,0.42,65,0.75,1203,7.11,1202.25,6.36
"990","2","2","42E","","18","T","2040",33,0.26,49,0.38,1210,7.1,1209.62,6.72
"991","2","2","271","E271","17","T","2039",28,0.4,79,0.79,1318,9.2,1317.21,8.41
"996","2","2","271","","17","U","2052",34,0.39,81,0.93,1367,9.5,1366.07,8.57
"997","2","3","8L","","18","B","2145",59,0.53,59,0.73,994,8.46,993.27,7.73
"999","2","3","42E","","16","B","2143",51,0.36,71,0.54,864,5.55,863.46,5.01
"1001","2","3","271","","15","C","2153",23,0.29,68,0.74,762,5.6,761.26,4.86
"1002","2","3","216","","16","C","2154",45,0.47,65,0.9,854,5.83,853.1,4.93
"1003","2","3","216","","17","C","2155",50,0.38,100,0.79,992,8.48,991.21,7.69
"1006","2","3","216","","20","C","2158",36,0.32,69,0.66,864,6.25,863.34,5.59
"1009","2","3","216","","20","D","2170",24,0.22,53,0.56,874,5.56,873.44,5
"1011","2","3","42E","","18","D","2168",60,0.46,86,0.75,1119,8.9,1118.25,8.15
"1013","2","3","216","","16","D","2166",30,0.26,57,0.51,914,5.16,913.49,4.65
"1014","2","3","271","","15","D","2165",29,0.3,73,0.63,919,6.76,918.37,6.13
"1015","2","3","271","","15","E","2177",17,0.29,70,0.65,914,6.95,913.35,6.3
"1016","2","3","271","","16","E","2178",32,0.25,77,0.64,524,5.34,523.36,4.7
"1017","2","3","8L","","17","E","2179",52,0.41,60,0.6,1172,8.84,1171.4,8.24
"1018","2","3","42E","","18","E","2180",59,0.4,61,0.62,1117,7.77,1116.38,7.15
"1019","2","3","216","","19","E","2181",37,0.32,51,0.64,783,4.78,782.36,4.14
"1020","2","3","271","","20","E","2182",43,0.35,72,0.61,905,5.76,904.39,5.15
"1022","2","3","271","","22","E","2184",41,0.38,83,0.7,761,5.22,760.3,4.52
"1024","2","3","271","","22","F","2197",34,0.32,78,0.66,757,5.35,756.34,4.69
"1026","2","3","271","","20","F","2195",41,0.32,81,0.68,814,5.1,813.32,4.42
"1028","2","3","216","","18","F","2193",33,0.32,69,0.7,987,6.85,986.3,6.15
"1029","2","3","8L","","17","F","2192",45,0.45,43,0.54,622,3.94,621.46,3.4
"1030","2","3","271","","16","F","2191",20,0.19,49,0.48,536,4.01,535.52,3.53
"1032","2","3","216","","15","G","2204",37,0.34,60,0.66,717,5.16,716.34,4.5
"1033","2","3","271","","16","G","2205",28,0.31,71,0.59,663,4.4,662.41,3.81
"1034","2","3","271","","17","G","2206",28,0.31,67,0.66,1022,7.63,1021.34,6.97
"1035","2","3","216","","18","G","2207",30,0.3,64,0.65,1021,6.7,1020.35,6.05
"1036","2","3","271","","19","G","2208",35,0.3,73,0.64,513,4.65,512.36,4.01
"1037","2","3","8L","","20","G","2209",50,0.45,47,0.54,1049,8.86,1048.46,8.32
"1039","2","3","271","","22","G","2211",47,0.38,84,0.62,747,5.28,746.38,4.66
"1040","2","3","216","","23","G","2212",31,0.31,30,0.47,507,3.34,506.53,2.87
"1041","2","3","216","","23","H","2226",29,0.35,37,0.53,392,2.62,391.47,2.09
"1042","2","3","271","","22","H","2225",37,0.32,80,0.64,878,6.53,877.36,5.89
"1045","2","3","271","","19","H","2222",46,0.38,74,0.64,853,5.9,852.36,5.26
"1048","2","3","271","","16","H","2219",28,0.29,78,0.67,1069,8.63,1068.33,7.96
"1049","2","3","216","","15","H","2218",37,0.43,45,0.67,529,3.3,528.33,2.63
"1051","2","3","42E","","16","I","2233",27,0.26,67,0.63,1035,7.72,1034.37,7.09
"1055","2","3","8L","","20","I","2237",59,0.47,56,0.71,1273,12.24,1272.29,11.53
"1056","2","3","42E","","21","I","2238",68,0.54,67,0.72,1045,7.75,1044.28,7.03
"1057","2","3","216","","22","I","2239",36,0.35,38,0.54,426,4.1,425.46,3.56
"1058","2","3","8L","","23","I","2240",19,0.19,27,0.32,466,3.5,465.68,3.18
"1059","2","3","8L","","24","I","2241",16,0.2,23,0.39,695,4.7,694.61,4.31
"1062","2","3","216","","22","J","2254",18,0.29,18,0.38,345,2.6,344.62,2.22
"1063","2","3","42E","","21","J","2253",55,0.43,56,0.56,1067,7.55,1066.44,6.99
"1065","2","3","42E","","19","J","2251",52,0.36,52,0.53,814,5.04,813.47,4.51
"1066","2","3","42E","","18","J","2250",55,0.42,56,0.63,1221,9.9,1220.37,9.27
"1068","2","3","42E","","16","J","2248",37,0.38,69,0.65,1106,9.64,1105.35,8.99
"1069","2","3","259","","15","J","2247",31,0.34,49,0.57,905,6.5,904.43,5.93
"1071","2","3","271","","16","K","2263",42,0.46,93,0.77,1065,8.88,1064.23,8.11
"1077","2","3","8L","","22","K","2269",23,0.35,26,0.54,736,5.7,735.46,5.16
"1082","2","3","8L","","22","L","2284",60,0.58,60,0.7,1222,10.38,1221.3,9.68
"1085","2","3","216","","19","L","2281",45,0.41,79,0.74,1083,7.59,1082.26,6.85
"1086","2","3","216","","18","L","2280",36,0.43,65,0.84,966,6.9,965.16,6.06
"1088","2","3","216","","16","L","2278",33,0.27,42,0.59,821,5.39,820.41,4.8
"1090","2","3","8L","","15","M","2292",19,0.29,29,0.41,823,5.3,822.59,4.89
"1091","2","3","8L","","16","M","2293",18,0.15,23,0.24,456,3.1,455.76,2.86
"1092","2","3","271","","17","M","2294",32,0.36,73,0.77,965,6.7,964.23,5.93
"1093","2","3","216","","18","M","2295",36,0.36,96,0.83,830,5.34,829.17,4.51
"1094","2","3","271","","19","M","2296",30,0.24,57,0.77,987,6.25,986.23,5.48
"1095","2","3","42E","","20","M","2297",16,0.15,52,0.5,1108,8.52,1107.5,8.02
"1097","2","3","42E","","22","M","2299",28,0.27,29,0.33,712,4.97,711.67,4.64
"1098","2","3","42E","","23","M","2300",38,0.34,31,0.39,922,5.75,921.61,5.36
"1104","2","3","271","","19","N","2311",40,0.31,71,0.7,741,4.98,740.3,4.28
"1105","2","3","216","","18","N","2310",42,0.34,94,0.8,1078,8.15,1077.2,7.35
"1106","2","3","271","","17","N","2309",22,0.31,52,0.69,855,4.9,854.31,4.21
"1107","2","3","8L","","16","N","2308",29,0.27,29,0.39,823,5.21,822.61,4.82
"1109","2","3","8L","","15","O","2321",50,0.51,58,0.72,806,6.12,805.28,5.4
"1110","2","3","42E","","16","O","2322",30,0.38,67,0.55,1066,7.5,1065.45,6.95
"1113","2","3","42E","","19","O","2325",21,0.23,61,0.62,888,5.7,887.38,5.08
"1115","2","3","42E","","21","O","2327",30,0.37,28,0.33,651,4.2,650.67,3.87
"1116","2","3","271","","22","O","2328",24,0.27,67,0.7,626,4.15,625.3,3.45
"1119","2","3","271","","22","P","2342",26,0.3,69,0.64,833,5.74,832.36,5.1
"1120","2","3","42E","","21","P","2341",37,0.3,54,0.5,944,7,943.5,6.5
"1122","2","3","42E","","19","P","2339",31,0.24,80,0.76,1014,6.8,1013.24,6.04
"1123","2","3","271","","18","P","2338",22,0.23,65,0.68,924,6,923.32,5.32
"1126","2","3","8L","","15","P","2335",48,0.52,46,0.71,709,4.66,708.29,3.95
"1128","2","3","271","","16","Q","2350",39,0.25,90,0.72,881,6.57,880.28,5.85
"1129","2","3","42E","","17","Q","2351",28,0.34,58,0.67,1054,8.15,1053.33,7.48
"1130","2","3","271","","18","Q","2352",34,0.3,66,0.67,960,6.6,959.33,5.93
"1132","2","3","8L","","20","Q","2354",35,0.33,36,0.44,623,4.05,622.56,3.61
"1134","2","3","271","","22","Q","2356",23,0.3,46,0.44,575,3.3,574.56,2.86
"1136","2","3","271","","23","R","2371",23,0.28,64,0.57,575,3.55,574.43,2.98
"1137","2","3","271","","22","R","2370",50,0.45,97,0.77,807,5.8,806.23,5.03
"1140","2","3","259","","19","R","2367",40,0.34,40,0.36,1106,9.25,1105.64,8.89
"1143","2","3","271","","16","R","2364",33,0.39,76,0.71,814,5.68,813.29,4.97
"1146","2","3","271","","16","S","2378",38,0.35,97,0.83,809,5.7,808.17,4.87
"1149","2","3","8L","","19","S","2381",30,0.26,32,0.38,939,7.75,938.62,7.37
"1150","2","3","42E","","20","S","2382",29,0.21,28,0.32,465,2.72,464.68,2.4
"1157","2","3","216","","16","T","2391",23,0.32,56,0.59,802,7.09,801.41,6.5
"1158","2","3","8L","","15","T","2390",40,0.41,60,0.68,768,5.2,767.32,4.52
"1159","2","3","216","","15","U","2403",30,0.33,28,0.62,277,2,276.38,1.38
"1160","2","3","8L","","16","U","2404",23,0.15,23,0.17,235,1.69,234.83,1.52
"1162","2","4","42E","","18","B","2495",36,0.28,75,0.66,984,5.91,983.34,5.25
"1164","2","4","42E","","16","B","2493",28,0.32,64,0.55,1227,9.51,1226.45,8.96
"1165","2","4","271","","15","B","2492",31,0.32,66,0.64,1008,7.4,1007.36,6.76
"1167","2","4","259","","16","C","2505",35,0.46,69,0.9,510,3.69,509.1,2.79
"1168","2","4","8L","","17","C","2506",22,0.29,23,0.24,594,3.55,593.76,3.31
"1169","2","4","42E","","18","C","2507",25,0.38,45,0.47,1077,6.7,1076.53,6.23
"1170","2","4","8L","","19","C","2508",16,0.26,16,0.26,751,4.15,750.74,3.89
"1172","2","4","259","","21","C","2510",17,0.3,43,0.69,413,3.2,412.31,2.51
"1173","2","4","271","","22","D","2523",48,0.46,91,0.75,630,6.2,629.25,5.45
"1177","2","4","42E","","18","D","2519",18,0.29,56,0.58,1148,8.35,1147.42,7.77
"1178","2","4","8L","","17","D","2518",34,0.36,40,0.48,737,4.52,736.52,4.04
"1180","2","4","271","","15","D","2516",21,0.38,61,0.78,1202,9.65,1201.22,8.87
"1181","2","4","8L","","15","E","2529",42,0.39,41,0.44,1215,9.05,1214.56,8.61
"1182","2","4","8L","","16","E","2530",40,0.36,70,0.58,1078,9.3,1077.42,8.72
"1183","2","4","271","","17","E","2531",30,0.47,73,0.72,1172,9.55,1171.28,8.83
"1184","2","4","42E","","18","E","2532",28,0.35,67,0.6,1194,7.9,1193.4,7.3
"1187","2","4","216","","21","E","2535",36,0.48,30,0.71,914,6.7,913.29,5.99
"1188","2","4","42E","","22","E","2536",30,0.53,42,0.54,1057,6.38,1056.46,5.84
"1189","2","4","216","","23","E","2537",16,0.29,36,0.56,694,4.26,693.44,3.7
"1190","2","4","216","","23","F","2551",27,0.24,74,0.69,658,4.98,657.31,4.29
"1194","2","4","259","","19","F","2547",18,0.37,41,0.64,428,3.28,427.36,2.64
"1197","2","4","8L","","16","F","2544",33,0.37,33,0.47,592,3.75,591.53,3.28
"1198","2","4","8L","","15","F","2543",22,0.3,25,0.3,1164,8.95,1163.7,8.65
"1200","2","4","42E","","16","G","2558",25,0.3,36,0.39,633,3.9,632.61,3.51
"1201","2","4","42E","","17","G","2559",39,0.44,82,0.67,1189,8.99,1188.33,8.32
"1202","2","4","259","","18","G","2560",33,0.52,59,0.78,438,3.4,437.22,2.62
"1203","2","4","271","","19","G","2561",55,0.54,91,0.76,1215,8.92,1214.24,8.16
"1205","2","4","271","","21","G","2563",33,0.47,45,0.7,1044,6.61,1043.3,5.91
"1207","2","4","216","","23","G","2565",31,0.33,87,0.87,1130,7.74,1129.13,6.87
"1209","2","4","216","","23","H","2579",42,0.51,68,0.85,1146,7.55,1145.15,6.7
"1210","2","4","42E","","22","H","2578",42,0.42,74,0.77,783,4.25,782.23,3.48
"1211","2","4","271","","21","H","2577",50,0.41,91,0.75,980,5.55,979.25,4.8
"1213","2","4","271","","19","H","2575",50,0.58,80,0.91,1118,7.7,1117.09,6.79
"1215","2","4","42E","","17","H","2573",23,0.31,40,0.41,925,5.63,924.59,5.22
"1217","2","4","8L","","15","H","2571",34,0.37,55,0.48,1344,12.17,1343.52,11.69
"1218","2","4","271","","15","I","2586",30,0.32,69,0.66,1187,9.83,1186.34,9.17
"1221","2","4","8L","","18","I","2589",32,0.38,77,0.87,1251,10.88,1250.13,10.01
"1222","2","4","216","","19","I","2590",31,0.22,69,0.87,1116,6.72,1115.13,5.85
"1223","2","4","42E","","20","I","2591",34,0.43,53,0.6,838,5.3,837.4,4.7
"1224","2","4","42E","","21","I","2592",42,0.42,76,0.66,1029,5.7,1028.34,5.04
"1225","2","4","216","","22","I","2593",32,0.54,41,0.62,1122,8,1121.38,7.38
"1228","2","4","271","","24","J","2610",30,0.35,55,0.76,1099,9.2,1098.24,8.44
"1230","2","4","216","","22","J","2608",28,0.33,83,0.86,590,4.5,589.14,3.64
"1231","2","4","42E","","21","J","2607",40,0.39,75,0.73,1073,6.92,1072.27,6.19
"1232","2","4","42E","","20","J","2606",16,0.26,55,0.56,1133,7.05,1132.44,6.49
"1233","2","4","216","","19","J","2605",22,0.37,82,0.85,1042,7.05,1041.15,6.2
"1237","2","4","271","","15","J","2601",37,0.41,85,0.74,1052,9.39,1051.26,8.65
"1238","2","4","271","","15","K","2616",18,0.25,52,0.49,840,4.6,839.51,4.11
"1239","2","4","8L","","16","K","2617",33,0.37,68,0.61,1052,6.21,1051.39,5.6
"1241","2","4","216","","18","K","2619",33,0.45,92,0.88,1091,8.5,1090.12,7.62
"1242","2","4","8L","","19","K","2620",20,0.26,21,0.27,277,1.55,276.73,1.28
"1244","2","4","42E","","21","K","2622",37,0.39,72,0.72,1156,8.85,1155.28,8.13
"1246","2","4","271","","23","K","2624",36,0.36,69,0.71,1161,9.2,1160.29,8.49
"1247","2","4","271","","24","K","2625",34,0.46,78,0.77,1105,8.15,1104.23,7.38
"1249","2","4","271","","23","L","2639",48,0.55,89,0.78,1175,8.67,1174.22,7.89
"1251","2","4","42E","","21","L","2637",30,0.35,71,0.63,1164,8.35,1163.37,7.72
"1253","2","4","8L","","19","L","2635",21,0.25,20,0.3,701,4.3,700.7,4
"1254","2","4","271","","18","L","2634",62,0.69,97,0.76,1037,7.39,1036.24,6.63
"1255","2","4","216","","17","L","2633",21,0.29,72,0.82,1145,7.85,1144.18,7.03
"1257","2","4","271","","15","L","2631",26,0.29,84,0.7,1040,7.3,1039.3,6.6
"1259","2","4","271","","16","M","2647",31,0.36,63,0.59,1104,7.51,1103.41,6.92
"1260","2","4","271","","17","M","2648",41,0.43,92,0.78,1134,7.62,1133.22,6.84
"1261","2","4","271","","18","M","2649",39,0.47,80,0.73,1168,8.66,1167.27,7.93
"1263","2","4","42E","","20","M","2651",33,0.37,73,0.67,1216,9.21,1215.33,8.54
"1264","2","4","216","","21","M","2652",22,0.36,70,0.68,1061,5.96,1060.32,5.28
"1265","2","4","216","","22","M","2653",29,0.29,63,0.67,1217,9.31,1216.33,8.64
"1268","2","4","216","","22","N","2667",29,0.39,31,0.56,570,3.91,569.44,3.35
"1269","2","4","271","","21","N","2666",23,0.34,74,0.72,431,4.09,430.28,3.37
"1273","2","4","271","","17","N","2662",43,0.5,83,0.75,1091,7.98,1090.25,7.23
"1274","2","4","271","","16","N","2661",41,0.44,79,0.74,1047,6.55,1046.26,5.81
"1275","2","4","42E","","15","N","2660",25,0.35,27,0.39,540,3,539.61,2.61
"1276","2","4","271","","15","O","2674",42,0.43,82,0.67,1032,6.57,1031.33,5.9
"1277","2","4","271","","16","O","2675",32,0.36,51,0.6,857,4.2,856.4,3.6
"1278","2","4","42E","","17","O","2676",38,0.31,44,0.4,958,5.3,957.6,4.9
"1281","2","4","216","","20","O","2679",24,0.29,24,0.54,1049,6.6,1048.46,6.06
"1282","2","4","271","","21","O","2680",43,0.44,83,0.75,1067,7.6,1066.25,6.85
"1287","2","4","271","","21","P","2694",54,0.47,68,0.75,911,6.14,910.25,5.39
"1288","2","4","216","","20","P","2693",38,0.34,46,0.51,820,5,819.49,4.49
"1290","2","4","42E","","18","P","2691",28,0.37,66,0.63,1160,8.62,1159.37,7.99
"1291","2","4","42E","","17","P","2690",24,0.31,40,0.5,1019,6.61,1018.5,6.11
"1292","2","4","271","","16","P","2689",41,0.43,80,0.63,1043,7.82,1042.37,7.19
"1294","2","4","216","","15","Q","2702",41,0.47,57,0.65,900,5.7,899.35,5.05
"1295","2","4","8L","","16","Q","2703",31,0.5,40,0.54,594,4.12,593.46,3.58
"1296","2","4","8L","","17","Q","2704",32,0.49,25,0.55,832,4.7,831.45,4.15
"1297","2","4","42E","","18","Q","2705",32,0.31,57,0.52,827,5.7,826.48,5.18
"1299","2","4","259","","20","Q","2707",40,0.49,60,0.69,455,3.01,454.31,2.32
"1301","2","4","216","","22","Q","2709",41,0.51,42,0.74,561,3.45,560.26,2.71
"1302","2","4","216","","23","Q","2710",43,0.47,72,0.86,470,4.2,469.14,3.34
"1303","2","4","216","","22","R","2723",50,0.46,70,0.77,1162,9.03,1161.23,8.26
"1307","2","4","271","","18","R","2719",28,0.41,71,0.66,1101,7.35,1100.34,6.69
"1308","2","4","8L","","17","R","2718",33,0.47,63,0.73,1194,9.51,1193.27,8.78
"1311","2","4","216","","15","S","2729",56,0.54,95,0.83,858,6.5,857.17,5.67
"1312","2","4","42E","","16","S","2730",32,0.41,50,0.44,1161,7.35,1160.56,6.91
"1314","2","4","271","","18","S","2732",31,0.41,61,0.67,1184,9.1,1183.33,8.43
"1315","2","4","216","","19","S","2733",25,0.32,61,0.75,1214,8.1,1213.25,7.35
"1316","2","4","42E","","20","S","2734",35,0.41,57,0.48,1223,9.05,1222.52,8.57
"1320","2","4","216","","19","T","2746",28,0.39,31,0.62,1142,7.85,1141.38,7.23
"1323","2","4","42E","","16","T","2743",34,0.45,35,0.49,1176,7.84,1175.51,7.35
"1325","2","4","271","","15","U","2754",28,0.39,68,0.6,1192,10.6,1191.4,10
"1326","2","4","216","","16","U","2755",31,0.36,63,0.88,837,5.06,836.12,4.18
"1327","2","4","42E","","17","U","2756",37,0.42,46,0.47,858,4.8,857.53,4.33
"1328","3","1","271","","18","B","2845",46,0.53,86,0.76,894,6.26,893.24,5.5
"1331","3","1","259","","15","B","2842",32,0.4,33,0.61,716,4.7,715.39,4.09
"1332","3","1","216","E216","15","C","2854",33,0.42,62,0.61,1069,6.67,1068.39,6.06
"1333","3","1","8L","","16","C","2855",28,0.27,26,0.29,329,1.67,328.71,1.38
"1334","3","1","271","E271","17","C","2856",28,0.56,56,0.85,562,5.04,561.15,4.19
"1335","3","1","271","","18","C","2857",26,0.4,69,0.66,992,7.19,991.34,6.53
"1337","3","1","42E","","20","C","2859",52,0.58,61,0.76,1233,9.96,1232.24,9.2
"1340","3","1","216","","21","D","2872",31,0.45,31,0.66,525,3.78,524.34,3.12
"1341","3","1","42E","","20","D","2871",32,0.32,69,0.79,1227,11.49,1226.21,10.7
"1343","3","1","216","E216","18","D","2869",24,0.31,35,0.76,883,5.2,882.24,4.44
"1344","3","1","271","E271","17","D","2868",31,0.53,88,0.83,1033,8.5,1032.17,7.67
"1345","3","1","8L","","16","D","2867",60,0.62,61,0.89,1041,7.44,1040.11,6.55
"1346","3","1","216","E216","15","D","2866",39,0.39,76,0.77,1064,8.3,1063.23,7.53
"1347","3","1","259","","15","E","2879",30,0.43,59,0.86,437,3.54,436.14,2.68
"1348","3","1","216","","16","E","2880",33,0.37,81,0.9,635,4.9,634.1,4
"1349","3","1","271","E271","17","E","2881",31,0.37,81,0.75,762,7.57,761.25,6.82
"1350","3","1","216","E216","18","E","2882",27,0.44,43,0.72,345,2.77,344.28,2.05
"1354","3","1","216","E216","22","E","2886",26,0.49,28,0.57,947,5.64,946.43,5.07
"1356","3","1","271","","23","F","2901",31,0.25,56,0.61,1034,6.93,1033.39,6.32
"1357","3","1","216","E216","22","F","2900",32,0.4,34,0.57,562,2.94,561.43,2.37
"1360","3","1","8L","","19","F","2897",20,0.19,30,0.38,571,3.24,570.62,2.86
"1362","3","1","271","E271","17","F","2895",31,0.33,54,0.64,1037,7.25,1036.36,6.61
"1363","3","1","216","","16","F","2894",30,0.4,89,0.92,433,3.57,432.08,2.65
"1365","3","1","8L","","15","G","2907",50,0.47,56,0.63,1204,10.92,1203.37,10.29
"1366","3","1","8L","","16","G","2908",63,0.64,81,0.97,943,8.03,942.03,7.06
"1367","3","1","216","E216","17","G","2909",19,0.19,39,0.88,914,4.89,913.12,4.01
"1369","3","1","216","","19","G","2911",35,0.41,64,0.7,1066,7.3,1065.3,6.6
"1370","3","1","216","E216","20","G","2912",37,0.42,40,0.68,877,4.85,876.32,4.17
"1371","3","1","42E","","21","G","2913",60,0.55,86,0.82,1252,11.11,1251.18,10.29
"1372","3","1","271","","22","G","2914",28,0.47,79,0.75,1046,6.65,1045.25,5.9
"1373","3","1","8L","","23","G","2915",23,0.25,24,0.42,500,3.12,499.58,2.7
"1374","3","1","271","","24","H","2930",35,0.42,74,0.79,1052,8.32,1051.21,7.53
"1376","3","1","271","","22","H","2928",30,0.35,59,0.7,970,6.92,969.3,6.22
"1377","3","1","42E","","21","H","2927",46,0.42,77,0.61,1136,8.29,1135.39,7.68
"1379","3","1","216","","19","H","2925",30,0.42,56,0.71,545,3.9,544.29,3.19
"1380","3","1","259","","18","H","2924",30,0.47,64,0.74,589,3.66,588.26,2.92
"1381","3","1","216","E216","17","H","2923",27,0.52,44,0.64,863,4.91,862.36,4.27
"1382","3","1","8L","","16","H","2922",50,0.49,80,0.98,431,2.7,430.02,1.72
"1383","3","1","8L","","15","H","2921",51,0.49,77,0.83,1117,11.2,1116.17,10.37
"1384","3","1","42E","","15","I","2936",53,0.56,57,0.69,1128,6.68,1127.31,5.99
"1385","3","1","271","","16","I","2937",42,0.47,82,0.94,1048,7.55,1047.06,6.61
"1387","3","1","259","","18","I","2939",26,0.38,49,0.83,568,3.87,567.17,3.04
"1388","3","1","216","","19","I","2940",28,0.34,82,0.86,858,5.5,857.14,4.64
"1390","3","1","271","E271","21","I","2942",30,0.43,70,0.76,1025,7.11,1024.24,6.35
"1394","3","1","271","","24","J","2960",33,0.43,81,0.73,1130,7.54,1129.27,6.81
"1397","3","1","271","E271","21","J","2957",21,0.26,45,0.48,1015,6.32,1014.52,5.84
"1398","3","1","216","","20","J","2956",29,0.43,49,0.66,1061,6.25,1060.34,5.59
"1399","3","1","216","","19","J","2955",22,0.45,58,0.71,414,3.3,413.29,2.59
"1402","3","1","271","","16","J","2952",24,0.37,70,0.79,1091,8.35,1090.21,7.56
"1403","3","1","42E","","15","J","2951",43,0.47,63,0.68,1143,9.5,1142.32,8.82
"1404","3","1","42E","","15","K","2966",24,0.19,38,0.46,787,4.6,786.54,4.14
"1405","3","1","216","","16","K","2967",25,0.42,81,0.86,884,5.65,883.14,4.79
"1406","3","1","216","","17","K","2968",30,0.38,89,0.84,1128,8.55,1127.16,7.71
"1407","3","1","216","","18","K","2969",30,0.39,79,0.65,1014,7.05,1013.35,6.4
"1408","3","1","271","","19","K","2970",28,0.24,71,0.69,1023,6.69,1022.31,6
"1409","3","1","42E","","20","K","2971",32,0.41,37,0.47,1137,7.72,1136.53,7.25
"1411","3","1","271","","22","K","2973",22,0.3,54,0.72,792,5.5,791.28,4.78
"1412","3","1","271","","23","K","2974",36,0.38,63,0.7,1057,6.52,1056.3,5.82
"1413","3","1","271","","24","K","2975",34,0.42,83,0.87,1113,7.66,1112.13,6.79
"1415","3","1","271","","23","L","2989",26,0.36,62,0.74,1034,7.2,1033.26,6.46
"1416","3","1","271","","22","L","2988",36,0.56,57,0.86,917,5.25,916.14,4.39
"1419","3","1","271","","19","L","2985",37,0.44,93,0.87,987,7.25,986.13,6.38
"1420","3","1","216","E216","18","L","2984",35,0.45,72,0.71,1105,6.43,1104.29,5.72
"1421","3","1","216","","17","L","2983",23,0.29,55,0.78,1098,7.02,1097.22,6.24
"1422","3","1","216","","16","L","2982",22,0.35,81,0.8,647,4.22,646.2,3.42
"1423","3","1","42E","","15","L","2981",18,0.18,30,0.33,1013,7.08,1012.67,6.75
"1425","3","1","271","","16","M","2997",48,0.45,94,0.88,1049,8.09,1048.12,7.21
"1426","3","1","216","E216","17","M","2998",29,0.28,73,0.61,1021,7.35,1020.39,6.74
"1429","3","1","271","E271","20","M","3001",28,0.49,82,0.89,768,6.4,767.11,5.51
"1430","3","1","271","E271","21","M","3002",28,0.45,77,0.7,1057,7.35,1056.3,6.65
"1433","3","1","8L","","23","N","3018",25,0.26,24,0.29,990,5.84,989.71,5.55
"1435","3","1","271","E271","21","N","3016",36,0.53,85,0.95,1003,7.46,1002.05,6.51
"1436","3","1","271","E271","20","N","3015",27,0.24,78,0.86,946,6.95,945.14,6.09
"1439","3","1","216","E216","17","N","3012",23,0.39,67,0.69,549,3.65,548.31,2.96
"1440","3","1","271","","16","N","3011",39,0.39,93,0.77,938,6.86,937.23,6.09
"1443","3","1","271","E271","16","O","3025",32,0.51,80,0.95,1133,8.43,1132.05,7.48
"1444","3","1","42E","","17","O","3026",24,0.25,28,0.36,711,5.03,710.64,4.67
"1446","3","1","42E","","19","O","3028",38,0.45,44,0.67,923,7.15,922.33,6.48
"1447","3","1","42E","","20","O","3029",35,0.43,58,0.77,934,8.93,933.23,8.16
"1448","3","1","271","E271","21","O","3030",19,0.28,63,0.79,614,5.42,613.21,4.63
"1449","3","1","271","E271","22","O","3031",21,0.38,48,0.63,874,5.85,873.37,5.22
"1451","3","1","216","E216","23","P","3046",17,0.23,36,0.56,372,1.53,371.44,0.97
"1452","3","1","271","E271","22","P","3045",33,0.49,81,0.9,1037,8.03,1036.1,7.13
"1453","3","1","271","E271","21","P","3044",27,0.47,63,0.71,1085,8.6,1084.29,7.89
"1455","3","1","42E","","19","P","3042",27,0.37,54,0.63,1225,9.52,1224.37,8.89
"1456","3","1","271","E271","18","P","3041",41,0.46,80,0.85,1087,7.25,1086.15,6.4
"1457","3","1","42E","","17","P","3040",30,0.35,41,0.52,1083,7.5,1082.48,6.98
"1458","3","1","271","E271","16","P","3039",34,0.38,87,0.88,1118,8.07,1117.12,7.19
"1460","3","1","271","","15","Q","3052",36,0.41,65,0.8,1013,6.03,1012.2,5.23
"1461","3","1","271","E271","16","Q","3053",27,0.4,85,0.97,1213,9,1212.03,8.03
"1462","3","1","216","","17","Q","3054",24,0.29,70,0.75,1030,4.9,1029.25,4.15
"1467","3","1","259","","22","Q","3059",29,0.34,54,0.71,569,3.85,568.29,3.14
"1473","3","1","8L","","18","R","3069",22,0.24,22,0.56,471,2.5,470.44,1.94
"1474","3","1","216","","17","R","3068",34,0.58,42,0.65,949,5.45,948.35,4.8
"1475","3","1","271","E271","16","R","3067",44,0.46,96,0.94,1106,8.1,1105.06,7.16
"1476","3","1","271","","15","R","3066",41,0.51,75,1.04,1025,7.12,1023.96,6.08
"1477","3","1","271","","15","S","3079",43,0.48,86,0.96,1104,9.11,1103.04,8.15
"1478","3","1","271","","16","S","3080",45,0.49,91,0.83,785,5.2,784.17,4.37
"1479","3","1","216","E216","17","S","3081",18,0.34,28,0.69,923,5.12,922.31,4.43
"1481","3","1","216","E216","19","S","3083",19,0.27,39,0.51,709,6.27,708.49,5.76
"1483","3","1","216","","21","S","3085",46,0.62,45,0.75,1084,6.9,1083.25,6.15
"1486","3","1","216","E216","19","T","3096",27,0.45,44,0.83,1171,8.21,1170.17,7.38
"1487","3","1","42E","","18","T","3095",24,0.3,30,0.47,814,5.73,813.53,5.26
"1488","3","1","216","E216","17","T","3094",27,0.38,57,0.72,930,5.58,929.28,4.86
"1489","3","1","271","","16","T","3093",33,0.43,67,0.79,1066,9,1065.21,8.21
"1490","3","1","271","","15","T","3092",30,0.31,64,0.73,1115,8.35,1114.27,7.62
"1491","3","1","42E","","15","U","3104",29,0.28,12,0.33,1114,7.39,1113.67,7.06
"1494","3","2","271","E271","18","B","3195",33,0.4,77,0.83,1202,9.71,1201.17,8.88
"1497","3","2","8L","","15","B","3192",41,0.35,51,0.64,1456,15.42,1455.36,14.78
"1500","3","2","271","E271","17","C","3206",26,0.3,50,0.64,1202,7.99,1201.36,7.35
"1501","3","2","271","E271","18","C","3207",34,0.36,68,0.79,1198,8.42,1197.21,7.63
"1502","3","2","8L","","19","C","3208",51,0.58,50,0.72,990,7.97,989.28,7.25
"1505","3","2","271","","22","D","3223",41,0.36,77,0.8,1166,8.93,1165.2,8.13
"1506","3","2","216","E216","21","D","3222",25,0.36,25,0.6,616,3.72,615.4,3.12
"1507","3","2","42E","","20","D","3221",28,0.31,57,0.57,1214,8.43,1213.43,7.86
"1508","3","2","8L","","19","D","3220",33,0.39,40,0.52,1224,6.3,1223.48,5.78
"1510","3","2","271","E271","17","D","3218",31,0.45,65,0.87,1178,11.18,1177.13,10.31
"1512","3","2","259","","15","D","3216",26,0.26,65,0.79,560,4.8,559.21,4.01
"1513","3","2","216","E216","15","E","3229",20,0.33,30,0.45,663,4.39,662.55,3.94
"1514","3","2","42E","","16","E","3230",21,0.21,53,0.62,1399,12.3,1398.38,11.68
"1515","3","2","42E","","17","E","3231",20,0.22,26,0.32,1209,8.05,1208.68,7.73
"1518","3","2","271","E271","20","E","3234",24,0.39,44,0.71,1174,8.45,1173.29,7.74
"1519","3","2","8L","","21","E","3235",45,0.47,50,0.56,899,7.08,898.44,6.52
"1520","3","2","42E","","22","E","3236",27,0.25,68,0.65,1157,8.1,1156.35,7.45
"1522","3","2","216","","23","F","3251",52,0.44,63,0.8,1213,6.61,1212.2,5.81
"1523","3","2","42E","","22","F","3250",24,0.25,71,0.74,880,6.67,879.26,5.93
"1525","3","2","271","E271","20","F","3248",32,0.49,60,0.72,951,5.19,950.28,4.47
"1527","3","2","216","E216","18","F","3246",37,0.37,36,0.58,916,5.55,915.42,4.97
"1528","3","2","42E","","17","F","3245",40,0.35,39,0.48,812,4.7,811.52,4.22
"1529","3","2","42E","","16","F","3244",24,0.32,62,0.61,1229,8.46,1228.39,7.85
"1530","3","2","216","E216","15","F","3243",26,0.32,62,0.63,603,5.08,602.37,4.45
"1531","3","2","271","","15","G","3257",47,0.38,87,0.92,1244,9.85,1243.08,8.93
"1533","3","2","271","E271","17","G","3259",37,0.45,84,1,1186,9.55,1185,8.55
"1535","3","2","42E","","19","G","3261",43,0.42,54,0.54,1181,7.75,1180.46,7.21
"1537","3","2","271","","21","G","3263",45,0.43,75,0.79,1016,6.71,1015.21,5.92
"1538","3","2","42E","","22","G","3264",26,0.28,63,0.67,1372,12.36,1371.33,11.69
"1542","3","2","42E","","22","H","3278",21,0.22,64,0.63,1315,10.7,1314.37,10.07
"1543","3","2","271","","21","H","3277",47,0.48,97,0.84,1174,7.8,1173.16,6.96
"1545","3","2","42E","","19","H","3275",27,0.31,52,0.62,1323,10.7,1322.38,10.08
"1546","3","2","271","","18","H","3274",30,0.3,77,0.76,1139,7.25,1138.24,6.49
"1547","3","2","271","E271","17","H","3273",34,0.44,74,0.81,1159,8.1,1158.19,7.29
"1548","3","2","259","","16","H","3272",27,0.48,27,0.54,653,4.1,652.46,3.56
"1549","3","2","271","","15","H","3271",41,0.32,90,0.81,1244,11.7,1243.19,10.89
"1550","3","2","42E","","15","I","3286",24,0.21,54,0.62,1256,12.25,1255.38,11.63
"1551","3","2","8L","","16","I","3287",41,0.44,42,0.62,932,7.31,931.38,6.69
"1552","3","2","271","","17","I","3288",21,0.22,65,0.6,1188,8.11,1187.4,7.51
"1553","3","2","271","","18","I","3289",48,0.42,94,0.89,1176,8.65,1175.11,7.76
"1555","3","2","271","","20","I","3291",29,0.37,64,0.7,1193,7.46,1192.3,6.76
"1556","3","2","271","","21","I","3292",30,0.41,48,0.79,775,5.14,774.21,4.35
"1558","3","2","271","","23","I","3294",33,0.32,79,0.73,1234,9.29,1233.27,8.56
"1559","3","2","216","","24","I","3295",39,0.36,55,0.81,1224,7.73,1223.19,6.92
"1560","3","2","271","E271","24","J","3310",26,0.34,51,0.74,667,3.9,666.26,3.16
"1561","3","2","271","","23","J","3309",19,0.2,54,0.6,1019,6.9,1018.4,6.3
"1562","3","2","8L","","22","J","3308",27,0.24,27,0.32,1299,9.21,1298.68,8.89
"1563","3","2","271","","21","J","3307",40,0.44,80,0.74,1218,8.75,1217.26,8.01
"1564","3","2","271","","20","J","3306",28,0.27,69,0.74,1160,7.5,1159.26,6.76
"1567","3","2","271","","17","J","3303",36,0.32,64,0.67,1227,9.25,1226.33,8.58
"1568","3","2","8L","","16","J","3302",26,0.26,23,0.37,697,7,696.63,6.63
"1571","3","2","216","","16","K","3317",24,0.3,37,0.58,767,5.78,766.42,5.2
"1572","3","2","8L","","17","K","3318",47,0.43,60,0.68,1297,12.62,1296.32,11.94
"1574","3","2","271","","19","K","3320",29,0.26,78,0.74,1285,8.96,1284.26,8.22
"1576","3","2","271","E271","21","K","3322",32,0.52,72,0.98,1290,9.18,1289.02,8.2
"1578","3","2","216","","23","K","3324",39,0.35,72,0.71,636,4.65,635.29,3.94
"1579","3","2","271","E271","24","K","3325",19,0.25,48,0.56,1122,6.22,1121.44,5.66
"1580","3","2","271","E271","24","L","3340",27,0.33,63,0.9,1157,6.65,1156.1,5.75
"1581","3","2","216","","23","L","3339",41,0.37,79,0.75,797,5.82,796.25,5.07
"1583","3","2","271","E271","21","L","3337",30,0.42,31,0.64,578,3.51,577.36,2.87
"1585","3","2","271","","19","L","3335",44,0.43,82,0.7,1317,11.06,1316.3,10.36
"1587","3","2","8L","","17","L","3333",56,0.59,57,0.78,679,5.45,678.22,4.67
"1588","3","2","216","","16","L","3332",34,0.32,63,0.72,983,6.02,982.28,5.3
"1589","3","2","216","E216","15","L","3331",24,0.35,37,0.77,892,4.92,891.23,4.15
"1590","3","2","216","","15","M","3346",29,0.4,57,0.7,904,6.28,903.3,5.58
"1591","3","2","271","E271","16","M","3347",34,0.42,63,0.91,1150,8,1149.09,7.09
"1592","3","2","216","","17","M","3348",23,0.28,50,0.69,1256,8.72,1255.31,8.03
"1595","3","2","216","","20","M","3351",43,0.47,83,0.76,1314,10.2,1313.24,9.44
"1596","3","2","271","","21","M","3352",46,0.44,83,0.76,1259,8.81,1258.24,8.05
"1597","3","2","216","E216","22","M","3353",36,0.39,45,0.71,1262,6.99,1261.29,6.28
"1598","3","2","42E","","23","M","3354",35,0.31,40,0.57,680,3.8,679.43,3.23
"1599","3","2","42E","","23","N","3368",34,0.19,33,0.38,819,4.76,818.62,4.38
"1600","3","2","216","E216","22","N","3367",34,0.35,41,0.72,816,5.64,815.28,4.92
"1601","3","2","271","","21","N","3366",30,0.33,67,0.65,1255,8.72,1254.35,8.07
"1604","3","2","216","","18","N","3363",29,0.36,40,0.73,919,6.04,918.27,5.31
"1605","3","2","216","","17","N","3362",21,0.29,25,0.56,708,5.84,707.44,5.28
"1608","3","2","8L","","15","O","3374",31,0.27,50,0.64,1353,15,1352.36,14.36
"1609","3","2","216","","16","O","3375",34,0.4,26,0.72,633,4.1,632.28,3.38
"1610","3","2","42E","","17","O","3376",30,0.28,41,0.5,1351,8.65,1350.5,8.15
"1611","3","2","216","","18","O","3377",37,0.28,26,0.57,837,7.32,836.43,6.75
"1614","3","2","8L","","21","O","3380",26,0.24,26,0.3,1351,10.52,1350.7,10.22
"1616","3","2","271","","23","O","3382",30,0.45,74,0.61,1162,6.62,1161.39,6.01
"1621","3","2","216","E216","19","P","3392",33,0.43,41,0.66,863,6.56,862.34,5.9
"1623","3","2","42E","","17","P","3390",34,0.39,33,0.56,1210,9.59,1209.44,9.03
"1624","3","2","216","","16","P","3389",32,0.37,30,0.71,564,4,563.29,3.29
"1625","3","2","8L","","15","P","3388",53,0.44,72,0.7,1182,8.25,1181.3,7.55
"1627","3","2","42E","","16","Q","3403",28,0.33,62,0.58,792,5.3,791.42,4.72
"1628","3","2","271","","17","Q","3404",38,0.34,85,0.73,1164,7.21,1163.27,6.48
"1630","3","2","42E","","19","Q","3406",35,0.33,38,0.58,1312,9.78,1311.42,9.2
"1634","3","2","216","E216","23","Q","3410",25,0.32,25,0.7,1000,6.52,999.3,5.82
"1637","3","2","216","E216","20","R","3421",35,0.43,38,0.71,914,6.65,913.29,5.94
"1638","3","2","42E","","19","R","3420",45,0.44,43,0.77,1087,8.45,1086.23,7.68
"1640","3","2","271","","17","R","3418",49,0.4,88,0.78,1311,10.78,1310.22,10
"1641","3","2","42E","","16","R","3417",31,0.29,64,0.62,889,8.6,888.38,7.98
"1642","3","2","271","E271","15","R","3416",32,0.27,67,0.88,1214,9.19,1213.12,8.31
"1643","3","2","8L","","15","S","3429",20,0.19,20,0.25,1251,10.38,1250.75,10.13
"1645","3","2","216","","17","S","3431",38,0.42,73,0.82,1219,9.61,1218.18,8.79
"1649","3","2","42E","","21","S","3435",37,0.4,36,0.63,1020,5.71,1019.37,5.08
"1650","3","2","271","","22","S","3436",24,0.2,72,0.7,1111,6.8,1110.3,6.1
"1654","3","2","216","","17","T","3444",33,0.44,32,0.63,883,6.56,882.37,5.93
"1656","3","2","8L","","15","T","3442",26,0.24,26,0.35,650,5.6,649.65,5.25
"1659","3","2","271","E271","17","U","3456",40,0.47,80,0.97,1388,12.29,1387.03,11.32
"1660","3","3","216","","18","B","3545",31,0.47,47,0.76,563,3.23,562.24,2.47
"1662","3","3","271","","16","B","3543",24,0.24,64,0.73,908,5.81,907.27,5.08
"1664","3","3","271","","15","C","3554",36,0.36,91,0.82,962,7.31,961.18,6.49
"1666","3","3","216","","17","C","3556",30,0.31,72,0.69,334,2.59,333.31,1.9
"1667","3","3","216","","18","C","3557",21,0.33,21,0.46,301,1.61,300.54,1.15
"1669","3","3","271","","20","C","3559",51,0.57,118,1.09,1045,9.51,1043.91,8.42
"1673","3","3","271","","20","D","3571",22,0.41,58,0.76,927,5.43,926.24,4.67
"1674","3","3","216","","19","D","3570",29,0.4,27,0.55,412,2.28,411.45,1.73
"1675","3","3","271","","18","D","3569",32,0.45,98,1,1034,7.4,1033,6.4
"1678","3","3","271","","15","D","3566",21,0.28,70,0.72,1006,7.02,1005.28,6.3
"1679","3","3","271","","15","E","3579",25,0.33,66,0.76,996,7.43,995.24,6.67
"1681","3","3","271","","17","E","3581",30,0.38,81,0.9,1053,7.71,1052.1,6.81
"1682","3","3","271","","18","E","3582",37,0.41,92,0.81,1038,7.5,1037.19,6.69
"1686","3","3","271","","22","E","3586",26,0.4,70,0.77,943,5.5,942.23,4.73
"1689","3","3","271","","22","F","3600",29,0.43,90,0.88,994,7.3,993.12,6.42
"1694","3","3","271","","17","F","3595",42,0.44,95,0.93,1026,7.26,1025.07,6.33
"1695","3","3","42E","","16","F","3594",28,0.34,54,0.7,1010,6.92,1009.3,6.22
"1696","3","3","271","","15","F","3593",31,0.33,55,0.67,998,7.04,997.33,6.37
"1698","3","3","216","","16","G","3608",23,0.38,23,0.52,585,3.3,584.48,2.78
"1699","3","3","8L","","17","G","3609",29,0.32,45,0.53,1178,9.58,1177.47,9.05
"1701","3","3","216","","19","G","3611",50,0.52,48,0.77,419,3.56,418.23,2.79
"1702","3","3","216","","20","G","3612",48,0.58,93,0.95,892,4.92,891.05,3.97
"1703","3","3","216","","21","G","3613",32,0.4,86,0.87,848,5.61,847.13,4.74
"1704","3","3","271","","22","G","3614",45,0.48,105,0.93,765,5.64,764.07,4.71
"1706","3","3","216","","24","H","3630",36,0.44,85,0.82,567,3.52,566.18,2.7
"1708","3","3","271","","22","H","3628",31,0.39,59,0.66,445,2.52,444.34,1.86
"1710","3","3","216","","20","H","3626",25,0.45,42,0.61,585,3.25,584.39,2.64
"1711","3","3","216","","19","H","3625",35,0.49,47,0.7,1049,6.89,1048.3,6.19
"1712","3","3","42E","","18","H","3624",16,0.22,31,0.48,1042,6.44,1041.52,5.96
"1713","3","3","8L","","17","H","3623",27,0.23,30,0.43,931,6.06,930.57,5.63
"1714","3","3","271","","16","H","3622",28,0.28,62,0.67,1039,7.45,1038.33,6.78
"1715","3","3","259","","15","H","3621",25,0.31,62,0.86,404,3.29,403.14,2.43
"1718","3","3","42E","","17","I","3638",39,0.37,86,0.78,1126,8.69,1125.22,7.91
"1719","3","3","42E","","18","I","3639",31,0.32,68,0.62,1188,8.4,1187.38,7.78
"1720","3","3","271","","19","I","3640",25,0.29,49,0.58,785,4.35,784.42,3.77
"1722","3","3","271","","21","I","3642",32,0.46,83,0.9,633,4.39,632.1,3.49
"1723","3","3","8L","","22","I","3643",46,0.49,78,0.78,1223,10.15,1222.22,9.37
"1724","3","3","216","","23","I","3644",22,0.37,22,0.41,392,1.95,391.59,1.54
"1725","3","3","216","","24","I","3645",17,0.39,84,0.95,720,5.29,719.05,4.34
"1727","3","3","216","","23","J","3659",43,0.43,42,0.74,403,2.4,402.26,1.66
"1728","3","3","8L","","22","J","3658",49,0.49,86,0.83,1348,12.2,1347.17,11.37
"1729","3","3","216","","21","J","3657",45,0.48,46,0.74,822,5.32,821.26,4.58
"1731","3","3","271","","19","J","3655",36,0.42,84,0.98,1056,8.26,1055.02,7.28
"1736","3","3","216","","15","K","3666",19,0.32,49,0.68,378,2.85,377.32,2.17
"1738","3","3","8L","","17","K","3668",47,0.43,48,0.53,1239,10.3,1238.47,9.77
"1743","3","3","271","","22","K","3673",28,0.39,76,0.85,953,5.85,952.15,5
"1744","3","3","271","","23","K","3674",47,0.44,107,0.89,944,5.95,943.11,5.06
"1747","3","3","271","","23","L","3689",41,0.49,69,0.74,972,6.05,971.26,5.31
"1748","3","3","271","","22","L","3688",39,0.37,90,0.83,1021,7,1020.17,6.17
"1753","3","3","8L","","17","L","3683",25,0.35,40,0.42,532,3.6,531.58,3.18
"1754","3","3","42E","","16","L","3682",32,0.33,61,0.61,1010,7.1,1009.39,6.49
"1756","3","3","8L","","15","M","3696",52,0.5,91,0.82,1019,11.45,1018.18,10.63
"1757","3","3","271","","16","M","3697",20,0.28,52,0.66,694,4.32,693.34,3.66
"1758","3","3","8L","","17","M","3698",35,0.4,69,0.72,1155,9.4,1154.28,8.68
"1760","3","3","216","","19","M","3700",38,0.57,51,0.75,576,3.52,575.25,2.77
"1761","3","3","8L","","20","M","3701",28,0.34,49,0.69,1196,10.88,1195.31,10.19
"1762","3","3","271","","21","M","3702",41,0.36,70,0.85,1066,6.5,1065.15,5.65
"1764","3","3","271","","23","M","3704",45,0.43,93,0.84,1026,7.96,1025.16,7.12
"1765","3","3","271","","23","N","3718",33,0.44,82,0.77,724,4.59,723.23,3.82
"1767","3","3","271","","21","N","3716",46,0.55,105,1.03,1124,8.2,1122.97,7.17
"1768","3","3","8L","","20","N","3715",28,0.32,33,0.5,533,3.1,532.5,2.6
"1769","3","3","216","","19","N","3714",39,0.49,33,0.86,410,3.05,409.14,2.19
"1770","3","3","8L","","18","N","3713",33,0.58,42,0.55,1180,10.19,1179.45,9.64
"1771","3","3","8L","","17","N","3712",38,0.51,36,0.8,889,6.8,888.2,6
"1772","3","3","271","","16","N","3711",29,0.32,64,0.72,904,5.15,903.28,4.43
"1773","3","3","8L","","15","N","3710",48,0.46,59,0.7,614,5.3,613.3,4.6
"1774","3","3","42E","","15","O","3724",29,0.35,74,0.77,1011,6.92,1010.23,6.15
"1775","3","3","271","","16","O","3725",30,0.31,81,0.74,978,6.12,977.26,5.38
"1776","3","3","216","","17","O","3726",21,0.37,37,0.55,695,5.1,694.45,4.55
"1777","3","3","8L","","18","O","3727",37,0.49,60,0.68,866,6.02,865.32,5.34
"1778","3","3","42E","","19","O","3728",32,0.36,65,0.64,1052,7.25,1051.36,6.61
"1779","3","3","42E","","20","O","3729",34,0.34,78,0.7,1219,10.41,1218.3,9.71
"1781","3","3","271","","22","O","3731",37,0.4,95,0.77,905,6.5,904.23,5.73
"1783","3","3","8L","","23","P","3746",27,0.32,68,0.64,1127,10,1126.36,9.36
"1784","3","3","271","","22","P","3745",42,0.47,84,0.73,867,5.7,866.27,4.97
"1792","3","3","8L","","15","Q","3752",40,0.55,66,0.92,1127,9.12,1126.08,8.2
"1794","3","3","271","","17","Q","3754",32,0.35,64,0.74,1083,7.1,1082.26,6.36
"1797","3","3","8L","","20","Q","3757",21,0.25,23,0.32,410,2.2,409.68,1.88
"1798","3","3","8L","","21","Q","3758",24,0.25,23,0.28,284,2.49,283.72,2.21
"1802","3","3","8L","","21","R","3772",32,0.31,87,0.82,1000,10.41,999.18,9.59
"1804","3","3","216","","19","R","3770",22,0.42,66,0.8,667,5.15,666.2,4.35
"1805","3","3","8L","","18","R","3769",19,0.26,20,0.39,653,4.4,652.61,4.01
"1806","3","3","271","","17","R","3768",31,0.3,81,0.8,953,6.9,952.2,6.1
"1808","3","3","8L","","15","R","3766",19,0.24,29,0.35,473,2.5,472.65,2.15
"1809","3","3","42E","","15","S","3779",17,0.29,30,0.71,699,3.6,698.29,2.89
"1811","3","3","42E","","17","S","3781",34,0.35,79,0.78,1198,10.4,1197.22,9.62
"1812","3","3","8L","","18","S","3782",29,0.37,71,0.79,1010,7.6,1009.21,6.81
"1815","3","3","42E","","21","S","3785",27,0.31,72,0.67,548,6.21,547.33,5.54
"1816","3","3","216","","22","S","3786",32,0.46,84,0.85,908,6.59,907.15,5.74
"1820","3","3","42E","","17","T","3794",18,0.29,31,0.47,634,4,633.53,3.53
"1823","3","3","216","","15","U","3804",20,0.29,55,0.64,853,5.98,852.36,5.34
"1826","3","4","216","","18","B","3895",35,0.37,36,0.65,861,5.88,860.35,5.23
"1827","3","4","259","","17","B","3894",28,0.43,49,0.77,415,3.04,414.23,2.27
"1831","3","4","259","","16","C","3905",16,0.21,33,0.68,433,3.26,432.32,2.58
"1832","3","4","42E","","17","C","3906",29,0.29,50,0.56,1069,7.91,1068.44,7.35
"1833","3","4","216","","18","C","3907",32,0.36,65,0.71,1169,7.81,1168.29,7.1
"1834","3","4","8L","","19","C","3908",39,0.36,64,0.7,994,7.32,993.3,6.62
"1836","3","4","8L","","21","C","3910",45,0.56,46,0.74,1108,8.58,1107.26,7.84
"1838","3","4","8L","","21","D","3922",51,0.56,50,0.84,1061,7.06,1060.16,6.22
"1839","3","4","216","","20","D","3921",52,0.42,91,0.84,1103,6.3,1102.16,5.46
"1840","3","4","8L","","19","D","3920",43,0.41,65,0.81,1110,8.9,1109.19,8.09
"1841","3","4","216","","18","D","3919",23,0.31,58,0.71,981,7.1,980.29,6.39
"1842","3","4","42E","","17","D","3918",44,0.36,46,0.47,386,2.07,385.53,1.6
"1843","3","4","259","","16","D","3917",31,0.46,57,0.8,578,4.45,577.2,3.65
"1847","3","4","259","","17","E","3931",25,0.33,54,0.77,426,3.06,425.23,2.29
"1848","3","4","216","","18","E","3932",30,0.28,47,0.79,855,5.61,854.21,4.82
"1849","3","4","216","","19","E","3933",27,0.4,62,0.85,1204,9.07,1203.15,8.22
"1850","3","4","271","","20","E","3934",43,0.36,69,0.81,1019,5.78,1018.19,4.97
"1851","3","4","216","","21","E","3935",55,0.5,91,0.87,1152,8.48,1151.13,7.61
"1852","3","4","271","","22","E","3936",41,0.36,75,0.72,1192,7.24,1191.28,6.52
"1853","3","4","271","","23","E","3937",39,0.38,95,0.72,1143,7.33,1142.28,6.61
"1855","3","4","271","","22","F","3950",30,0.3,60,0.61,1071,5.78,1070.39,5.17
"1856","3","4","216","","21","F","3949",24,0.33,45,0.64,1030,6.41,1029.36,5.77
"1857","3","4","271","","20","F","3948",46,0.38,97,0.84,1142,7.83,1141.16,6.99
"1858","3","4","216","","19","F","3947",40,0.37,50,0.67,710,4.73,709.33,4.06
"1859","3","4","42E","","18","F","3946",45,0.42,63,0.82,1175,8.74,1174.18,7.92
"1862","3","4","216","","15","F","3943",26,0.44,23,0.57,492,3.11,491.43,2.54
"1863","3","4","216","","15","G","3957",21,0.26,48,0.65,452,2.51,451.35,1.86
"1864","3","4","271","","16","G","3958",43,0.39,75,0.68,1157,9.74,1156.32,9.06
"1867","3","4","42E","","19","G","3961",37,0.37,75,0.81,1103,7.82,1102.19,7.01
"1868","3","4","8L","","20","G","3962",28,0.22,49,0.62,1021,6.52,1020.38,5.9
"1869","3","4","271","","21","G","3963",38,0.36,71,0.93,1206,7.69,1205.07,6.76
"1872","3","4","216","","24","H","3980",26,0.26,26,0.86,320,1.7,319.14,0.84
"1875","3","4","271","","21","H","3977",40,0.34,90,0.75,1164,8.02,1163.25,7.27
"1876","3","4","8L","","20","H","3976",27,0.28,54,0.75,290,6.07,289.25,5.32
"1877","3","4","42E","","19","H","3975",26,0.39,51,0.7,1085,6.6,1084.3,5.9
"1878","3","4","42E","","18","H","3974",50,0.47,54,0.76,1094,7.34,1093.24,6.58
"1879","3","4","8L","","17","H","3973",29,0.3,46,0.49,946,5.9,945.51,5.41
"1880","3","4","271","","16","H","3972",40,0.34,59,0.73,1005,6.08,1004.27,5.35
"1881","3","4","216","","15","H","3971",24,0.23,52,0.6,1044,7.12,1043.4,6.52
"1883","3","4","8L","","16","I","3987",27,0.3,50,0.61,1251,11.44,1250.39,10.83
"1885","3","4","42E","","18","I","3989",40,0.45,61,0.72,1153,8.65,1152.28,7.93
"1888","3","4","271","","21","I","3992",36,0.4,62,0.81,1160,7.6,1159.19,6.79
"1889","3","4","8L","","22","I","3993",58,0.58,59,0.83,724,5.1,723.17,4.27
"1890","3","4","216","","23","I","3994",39,0.38,78,0.83,1211,8.96,1210.17,8.13
"1893","3","4","216","","23","J","4009",40,0.37,40,0.68,1236,8.36,1235.32,7.68
"1894","3","4","8L","","22","J","4008",55,0.57,56,0.8,1112,7.85,1111.2,7.05
"1895","3","4","271","","21","J","4007",35,0.28,60,0.79,1142,6.7,1141.21,5.91
"1896","3","4","271","","20","J","4006",44,0.37,81,0.74,1145,8.07,1144.26,7.33
"1898","3","4","216","","18","J","4004",19,0.22,45,0.66,806,5.2,805.34,4.54
"1900","3","4","8L","","16","J","4002",21,0.25,36,0.53,342,1.9,341.47,1.37
"1901","3","4","271","","15","J","4001",48,0.41,100,0.99,966,7.38,965.01,6.39
"1903","3","4","42E","","16","K","4017",25,0.28,66,0.65,1053,8.35,1052.35,7.7
"1904","3","4","42E","","17","K","4018",40,0.42,75,0.87,1192,9.3,1191.13,8.43
"1905","3","4","216","","18","K","4019",34,0.3,34,0.67,653,4.86,652.33,4.19
"1907","3","4","8L","","20","K","4021",25,0.25,33,0.42,628,3.65,627.58,3.23
"1908","3","4","42E","","21","K","4022",38,0.37,63,0.58,1075,6.3,1074.42,5.72
"1910","3","4","216","","23","K","4024",38,0.37,70,0.83,1181,8.5,1180.17,7.67
"1912","3","4","216","","24","L","4040",46,0.5,50,0.7,696,4.9,695.3,4.2
"1913","3","4","216","","23","L","4039",26,0.25,42,0.57,1083,7.2,1082.43,6.63
"1914","3","4","42E","","22","L","4038",32,0.34,58,0.6,1150,9.11,1149.4,8.51
"1915","3","4","42E","","21","L","4037",52,0.48,58,0.7,1147,6.95,1146.3,6.25
"1917","3","4","216","","19","L","4035",30,0.32,59,0.73,1214,9.05,1213.27,8.32
"1918","3","4","42E","","18","L","4034",42,0.46,48,0.65,1070,7.02,1069.35,6.37
"1919","3","4","42E","","17","L","4033",48,0.42,78,0.68,1110,8.7,1109.32,8.02
"1922","3","4","259","","15","M","4046",25,0.32,58,0.78,610,4.09,609.22,3.31
"1924","3","4","42E","","17","M","4048",24,0.24,52,0.54,1137,8.1,1136.46,7.56
"1926","3","4","216","","19","M","4050",26,0.31,26,0.59,684,4,683.41,3.41
"1929","3","4","216","","22","M","4053",23,0.29,23,0.47,1058,6.72,1057.53,6.25
"1933","3","4","8L","","21","N","4066",28,0.44,28,0.69,1166,7.65,1165.31,6.96
"1935","3","4","216","","19","N","4064",29,0.31,50,0.6,1214,8.79,1213.4,8.19
"1937","3","4","42E","","17","N","4062",48,0.42,79,0.75,1214,10.89,1213.25,10.14
"1939","3","4","259","","15","N","4060",25,0.31,47,0.71,522,3.25,521.29,2.54
"1941","3","4","216","","16","O","4075",44,0.41,76,0.83,1143,9.3,1142.17,8.47
"1944","3","4","216","","19","O","4078",30,0.29,64,0.74,1193,7.48,1192.26,6.74
"1945","3","4","271","","20","O","4079",46,0.39,82,0.8,1185,7.9,1184.2,7.1
"1946","3","4","271","","21","O","4080",28,0.28,55,0.94,1194,9,1193.06,8.06
"1948","3","4","8L","","23","O","4082",38,0.3,51,0.56,1211,9.43,1210.44,8.87
"1949","3","4","8L","","23","P","4096",55,0.49,59,0.63,1142,8.87,1141.37,8.24
"1951","3","4","271","","21","P","4094",38,0.35,65,0.94,1170,7.04,1169.06,6.1
"1952","3","4","271","","20","P","4093",25,0.27,54,0.61,1087,6.59,1086.39,5.98
"1953","3","4","216","","19","P","4092",28,0.34,57,0.69,1114,6.81,1113.31,6.12
"1956","3","4","216","","16","P","4089",37,0.35,74,0.8,1274,9.05,1273.2,8.25
"1957","3","4","259","","15","P","4088",21,0.24,34,0.57,876,6.12,875.43,5.55
"1960","3","4","271","","17","Q","4104",41,0.32,72,0.73,1203,8.39,1202.27,7.66
"1964","3","4","271","","21","Q","4108",40,0.35,74,0.77,1052,8.2,1051.23,7.43
"1965","3","4","42E","","22","Q","4109",38,0.36,67,0.72,1122,8,1121.28,7.28
"1967","3","4","42E","","22","R","4123",22,0.34,63,0.85,1144,6.15,1143.15,5.3
"1968","3","4","271","","21","R","4122",50,0.4,80,0.83,1171,7.9,1170.17,7.07
"1972","3","4","271","","17","R","4118",47,0.35,73,0.68,1227,9.52,1226.32,8.84
"1977","3","4","216","","17","S","4131",32,0.35,48,0.69,840,4.85,839.31,4.16
"1980","3","4","216","","20","S","4134",30,0.26,72,0.87,1289,8.17,1288.13,7.3
"1981","3","4","271","","21","S","4135",50,0.4,81,0.85,1036,6,1035.15,5.15
"1982","3","4","271","","22","S","4136",32,0.36,65,0.85,1130,6.8,1129.15,5.95
"1983","3","4","216","","20","T","4147",21,0.21,48,0.59,1030,7.4,1029.41,6.81
"1986","3","4","216","","17","T","4144",21,0.27,55,0.73,1000,6.19,999.27,5.46
"1988","3","4","42E","","15","T","4142",27,0.27,64,0.82,1137,6.85,1136.18,6.03
"1991","3","4","216","","17","U","4156",18,0.33,34,0.62,901,5.4,900.38,4.78
